case_id,outcome
Case 1,Closed
Case 10,Closed
Case 100,Closed
Case 1000,Closed
Case 1001,Closed
Case 1002,Closed
Case 1003,Closed
Case 1004,Closed
Case 1005,Closed
Case 1006,Closed
Case 1007,Closed
Case 1008,Closed
Case 1009,Closed
Case 101,Closed
Case 1010,Closed
Case 1011,Closed
Case 1012,Closed
Case 1013,Closed
Case 1014,Closed
Case 1015,Closed
Case 1016,Closed
Case 1017,Closed
Case 1018,Closed
Case 1019,Closed
Case 102,Closed
Case 1020,Closed
Case 1021,Closed
Case 1022,Closed
Case 1023,Closed
Case 1024,Closed
Case 1025,Closed
Case 1026,Closed
Case 1027,Closed
Case 1028,Closed
Case 1029,Closed
Case 103,Closed
Case 1030,Closed
Case 1031,Closed
Case 1032,Closed
Case 1033,Closed
Case 1034,Closed
Case 1035,Closed
Case 1036,Closed
Case 1037,Closed
Case 1038,Closed
Case 1039,Closed
Case 104,Closed
Case 1040,Closed
Case 1041,Closed
Case 1042,Closed
Case 1043,Closed
Case 1044,Closed
Case 1045,Closed
Case 1046,Closed
Case 1047,Closed
Case 1048,Closed
Case 1049,Closed
Case 105,Closed
Case 1050,Closed
Case 1051,Closed
Case 1052,Closed
Case 1053,Closed
Case 1054,Closed
Case 1055,Closed
Case 1056,Closed
Case 1057,Closed
Case 1058,Closed
Case 1059,Closed
Case 106,Closed
Case 1060,Closed
Case 1061,Closed
Case 1062,Closed
Case 1063,Closed
Case 1064,Closed
Case 1065,Closed
Case 1066,Closed
Case 1067,Closed
Case 1068,Closed
Case 1069,Closed
Case 107,Closed
Case 1070,Closed
Case 1071,Closed
Case 1072,Closed
Case 1073,Closed
Case 1074,Closed
Case 1075,Closed
Case 1076,Closed
Case 1077,Closed
Case 1078,Closed
Case 1079,Closed
Case 108,Closed
Case 1080,Closed
Case 1081,Closed
Case 1082,Closed
Case 1083,Closed
Case 1084,Closed
Case 1085,Closed
Case 1086,Closed
Case 1087,Closed
Case 1088,Closed
Case 1089,Closed
Case 109,Closed
Case 1090,Closed
Case 1091,Closed
Case 1092,Closed
Case 1093,Closed
Case 1094,Closed
Case 1095,Closed
Case 1096,Closed
Case 1097,Closed
Case 1098,Closed
Case 1099,Closed
Case 11,Closed
Case 110,Closed
Case 1100,Closed
Case 1101,Closed
Case 1102,Closed
Case 1103,Closed
Case 1104,Closed
Case 1105,Closed
Case 1106,Closed
Case 1107,Closed
Case 1108,Closed
Case 1109,Closed
Case 111,Closed
Case 1110,Closed
Case 1111,Closed
Case 1112,Closed
Case 1113,Closed
Case 1114,Closed
Case 1115,Closed
Case 1116,Closed
Case 1117,Closed
Case 1118,Closed
Case 1119,Closed
Case 112,Closed
Case 1120,Closed
Case 1121,Closed
Case 1122,Closed
Case 1123,Closed
Case 1124,Closed
Case 1125,Closed
Case 1126,Closed
Case 1127,Closed
Case 1128,Closed
Case 1129,Closed
Case 113,Closed
Case 1130,Closed
Case 1131,Closed
Case 1132,Closed
Case 1133,Closed
Case 1134,Closed
Case 1135,Closed
Case 1136,Closed
Case 1137,Closed
Case 1138,Closed
Case 1139,Closed
Case 114,Closed
Case 1140,Closed
Case 1141,Closed
Case 1142,Closed
Case 1143,Closed
Case 1144,Closed
Case 1145,Closed
Case 1146,Closed
Case 1147,Closed
Case 1148,Closed
Case 1149,Closed
Case 115,Closed
Case 1150,Closed
Case 1151,Closed
Case 1152,Closed
Case 1153,Closed
Case 1154,Closed
Case 1155,Closed
Case 1156,Closed
Case 1157,Closed
Case 1158,Closed
Case 1159,Closed
Case 116,Closed
Case 1160,Closed
Case 1161,Closed
Case 1162,Closed
Case 1163,Closed
Case 1164,Closed
Case 1165,Closed
Case 1166,Closed
Case 1167,Closed
Case 1168,Closed
Case 1169,Closed
Case 117,Closed
Case 1170,Closed
Case 1171,Closed
Case 1172,Closed
Case 1173,Closed
Case 1174,Closed
Case 1175,Closed
Case 1176,Closed
Case 1177,Closed
Case 1178,Closed
Case 1179,Closed
Case 118,Closed
Case 1180,Closed
Case 1181,Closed
Case 1182,Closed
Case 1183,Closed
Case 1184,Closed
Case 1185,Closed
Case 1186,Closed
Case 1187,Closed
Case 1188,Closed
Case 1189,Closed
Case 119,Closed
Case 1190,Closed
Case 1191,Closed
Case 1192,Closed
Case 1193,Closed
Case 1194,Closed
Case 1195,Closed
Case 1196,Closed
Case 1197,Closed
Case 1198,Closed
Case 1199,Closed
Case 12,Closed
Case 120,Closed
Case 1200,Closed
Case 1201,Closed
Case 1202,Closed
Case 1203,Closed
Case 1204,Closed
Case 1205,Closed
Case 1206,Closed
Case 1207,Closed
Case 1208,Closed
Case 1209,Closed
Case 121,Closed
Case 1210,Closed
Case 1211,Closed
Case 1212,Closed
Case 1213,Closed
Case 1214,Closed
Case 1215,Closed
Case 1216,Closed
Case 1217,Closed
Case 1218,Closed
Case 1219,Closed
Case 122,Closed
Case 1220,Closed
Case 1221,Closed
Case 1222,Closed
Case 1223,Closed
Case 1224,Closed
Case 1225,Closed
Case 1226,Closed
Case 1227,Closed
Case 1228,Closed
Case 1229,Closed
Case 123,Closed
Case 1230,Closed
Case 1231,Closed
Case 1232,Closed
Case 1233,Closed
Case 1234,Closed
Case 1235,Closed
Case 1236,Closed
Case 1237,Closed
Case 1238,Closed
Case 1239,Closed
Case 124,Closed
Case 1240,Closed
Case 1241,Closed
Case 1242,Closed
Case 1243,Closed
Case 1244,Closed
Case 1245,Closed
Case 1246,Closed
Case 1247,Closed
Case 1248,Closed
Case 1249,Other
Case 125,Closed
Case 1250,Closed
Case 1251,Closed
Case 1252,Closed
Case 1253,Closed
Case 1254,Closed
Case 1255,Closed
Case 1256,Closed
Case 1257,Closed
Case 1258,Closed
Case 1259,Closed
Case 126,Closed
Case 1260,Closed
Case 1261,Closed
Case 1262,Closed
Case 1263,Closed
Case 1264,Closed
Case 1265,Closed
Case 1266,Closed
Case 1267,Closed
Case 1268,Closed
Case 1269,Closed
Case 127,Closed
Case 1270,Closed
Case 1271,Closed
Case 1272,Closed
Case 1273,Closed
Case 1274,Closed
Case 1275,Closed
Case 1276,Closed
Case 1277,Closed
Case 1278,Closed
Case 1279,Closed
Case 128,Closed
Case 1280,Closed
Case 1281,Closed
Case 1282,Closed
Case 1283,Closed
Case 1284,Closed
Case 1285,Closed
Case 1286,Closed
Case 1287,Closed
Case 1288,Closed
Case 1289,Closed
Case 129,Closed
Case 1290,Closed
Case 1291,Closed
Case 1292,Closed
Case 1293,Closed
Case 1294,Closed
Case 1295,Closed
Case 1296,Closed
Case 1297,Closed
Case 1298,Closed
Case 1299,Closed
Case 13,Closed
Case 130,Closed
Case 1300,Closed
Case 1301,Closed
Case 1302,Closed
Case 1303,Closed
Case 1304,Closed
Case 1305,Closed
Case 1306,Closed
Case 1307,Closed
Case 1308,Closed
Case 1309,Closed
Case 131,Closed
Case 1310,Closed
Case 1311,Closed
Case 1312,Closed
Case 1313,Closed
Case 1314,Closed
Case 1315,Closed
Case 1316,Closed
Case 1317,Closed
Case 1318,Closed
Case 1319,Closed
Case 132,Closed
Case 1320,Closed
Case 1321,Closed
Case 1322,Closed
Case 1323,Closed
Case 1324,Closed
Case 1325,Closed
Case 1326,Closed
Case 1327,Closed
Case 1328,Closed
Case 1329,Closed
Case 133,Closed
Case 1330,Closed
Case 1331,Closed
Case 1332,Closed
Case 1333,Closed
Case 1334,Closed
Case 1335,Closed
Case 1336,Closed
Case 1337,Closed
Case 1338,Closed
Case 1339,Closed
Case 134,Closed
Case 1340,Closed
Case 1341,Closed
Case 1342,Closed
Case 1343,Closed
Case 1344,Closed
Case 1345,Other
Case 1346,Closed
Case 1347,Closed
Case 1348,Closed
Case 1349,Closed
Case 135,Closed
Case 1350,Closed
Case 1351,Closed
Case 1352,Closed
Case 1353,Closed
Case 1354,Closed
Case 1355,Closed
Case 1356,Closed
Case 1357,Closed
Case 1358,Closed
Case 1359,Other
Case 136,Closed
Case 1360,Closed
Case 1361,Closed
Case 1362,Closed
Case 1363,Closed
Case 1364,Closed
Case 1365,Closed
Case 1366,Closed
Case 1367,Closed
Case 1368,Closed
Case 1369,Closed
Case 137,Closed
Case 1370,Closed
Case 1371,Closed
Case 1372,Closed
Case 1373,Closed
Case 1374,Closed
Case 1375,Closed
Case 1376,Closed
Case 1377,Closed
Case 1378,Closed
Case 1379,Closed
Case 138,Closed
Case 1380,Closed
Case 1381,Closed
Case 1382,Closed
Case 1383,Closed
Case 1384,Closed
Case 1385,Closed
Case 1386,Closed
Case 1387,Closed
Case 1388,Closed
Case 1389,Closed
Case 139,Closed
Case 1390,Closed
Case 1391,Closed
Case 1392,Closed
Case 1393,Closed
Case 1394,Closed
Case 1395,Closed
Case 1396,Closed
Case 1397,Closed
Case 1398,Closed
Case 1399,Closed
Case 14,Closed
Case 140,Closed
Case 1400,Closed
Case 1401,Closed
Case 1402,Closed
Case 1403,Closed
Case 1404,Closed
Case 1405,Closed
Case 1406,Closed
Case 1407,Closed
Case 1408,Closed
Case 1409,Closed
Case 141,Closed
Case 1410,Closed
Case 1411,Closed
Case 1412,Closed
Case 1413,Closed
Case 1414,Closed
Case 1415,Closed
Case 1416,Closed
Case 1417,Closed
Case 1418,Closed
Case 1419,Closed
Case 142,Closed
Case 1420,Closed
Case 1421,Closed
Case 1422,Closed
Case 1423,Closed
Case 1424,Closed
Case 1425,Closed
Case 1426,Closed
Case 1427,Closed
Case 1428,Closed
Case 1429,Closed
Case 143,Closed
Case 1430,Closed
Case 1431,Closed
Case 1432,Closed
Case 1433,Closed
Case 1434,Closed
Case 1435,Closed
Case 1436,Closed
Case 1437,Closed
Case 1438,Closed
Case 1439,Closed
Case 144,Closed
Case 1440,Closed
Case 1441,Closed
Case 1442,Closed
Case 1443,Closed
Case 1444,Closed
Case 1445,Closed
Case 1446,Closed
Case 1447,Closed
Case 1448,Closed
Case 1449,Closed
Case 145,Closed
Case 1450,Closed
Case 1451,Closed
Case 1452,Closed
Case 1453,Closed
Case 1454,Closed
Case 1455,Closed
Case 1456,Closed
Case 1457,Closed
Case 1458,Closed
Case 1459,Closed
Case 146,Closed
Case 1460,Closed
Case 1461,Closed
Case 1462,Closed
Case 1463,Closed
Case 1464,Closed
Case 1465,Closed
Case 1466,Closed
Case 1467,Closed
Case 1468,Closed
Case 1469,Closed
Case 147,Closed
Case 1470,Closed
Case 1471,Closed
Case 1472,Closed
Case 1473,Closed
Case 1474,Closed
Case 1475,Closed
Case 1476,Closed
Case 1477,Closed
Case 1478,Closed
Case 1479,Closed
Case 148,Closed
Case 1480,Closed
Case 1481,Closed
Case 1482,Closed
Case 1483,Closed
Case 1484,Closed
Case 1485,Closed
Case 1486,Closed
Case 1487,Closed
Case 1488,Closed
Case 1489,Closed
Case 149,Closed
Case 1490,Closed
Case 1491,Closed
Case 1492,Closed
Case 1493,Closed
Case 1494,Closed
Case 1495,Closed
Case 1496,Closed
Case 1497,Closed
Case 1498,Closed
Case 1499,Closed
Case 15,Closed
Case 150,Closed
Case 1500,Closed
Case 1501,Closed
Case 1502,Closed
Case 1503,Closed
Case 1504,Closed
Case 1505,Closed
Case 1506,Closed
Case 1507,Closed
Case 1508,Closed
Case 1509,Closed
Case 151,Closed
Case 1510,Closed
Case 1511,Closed
Case 1512,Closed
Case 1513,Closed
Case 1514,Closed
Case 1515,Closed
Case 1516,Closed
Case 1517,Closed
Case 1518,Closed
Case 1519,Closed
Case 152,Closed
Case 1520,Closed
Case 1521,Closed
Case 1522,Closed
Case 1523,Closed
Case 1524,Closed
Case 1525,Closed
Case 1526,Closed
Case 1527,Closed
Case 1528,Closed
Case 1529,Closed
Case 153,Closed
Case 1530,Closed
Case 1531,Closed
Case 1532,Closed
Case 1533,Closed
Case 1534,Closed
Case 1535,Closed
Case 1536,Closed
Case 1537,Closed
Case 1538,Closed
Case 1539,Closed
Case 154,Closed
Case 1540,Closed
Case 1541,Closed
Case 1542,Closed
Case 1543,Closed
Case 1544,Closed
Case 1545,Closed
Case 1546,Closed
Case 1547,Closed
Case 1548,Closed
Case 1549,Closed
Case 155,Closed
Case 1550,Closed
Case 1551,Closed
Case 1552,Closed
Case 1553,Closed
Case 1554,Closed
Case 1555,Closed
Case 1556,Closed
Case 1557,Closed
Case 1558,Closed
Case 1559,Closed
Case 156,Closed
Case 1560,Closed
Case 1561,Closed
Case 1562,Closed
Case 1563,Closed
Case 1564,Closed
Case 1565,Closed
Case 1566,Closed
Case 1567,Closed
Case 1568,Closed
Case 1569,Closed
Case 157,Closed
Case 1570,Closed
Case 1571,Other
Case 1572,Closed
Case 1573,Closed
Case 1574,Closed
Case 1575,Closed
Case 1576,Closed
Case 1577,Closed
Case 1578,Closed
Case 1579,Closed
Case 158,Closed
Case 1580,Closed
Case 1581,Closed
Case 1582,Closed
Case 1583,Closed
Case 1584,Closed
Case 1585,Closed
Case 1586,Closed
Case 1587,Closed
Case 1588,Closed
Case 1589,Closed
Case 159,Closed
Case 1590,Closed
Case 1591,Closed
Case 1592,Closed
Case 1593,Closed
Case 1594,Closed
Case 1595,Closed
Case 1596,Closed
Case 1597,Closed
Case 1598,Closed
Case 1599,Closed
Case 16,Closed
Case 160,Closed
Case 1600,Closed
Case 1601,Closed
Case 1602,Closed
Case 1603,Closed
Case 1604,Closed
Case 1605,Closed
Case 1606,Closed
Case 1607,Closed
Case 1608,Closed
Case 1609,Closed
Case 161,Closed
Case 1610,Closed
Case 1611,Closed
Case 1612,Closed
Case 1613,Closed
Case 1614,Closed
Case 1615,Closed
Case 1616,Closed
Case 1617,Closed
Case 1618,Closed
Case 1619,Closed
Case 162,Closed
Case 1620,Closed
Case 1621,Closed
Case 1622,Closed
Case 1623,Closed
Case 1624,Closed
Case 1625,Closed
Case 1626,Closed
Case 1627,Closed
Case 1628,Closed
Case 1629,Closed
Case 163,Closed
Case 1630,Closed
Case 1631,Closed
Case 1632,Closed
Case 1633,Closed
Case 1634,Closed
Case 1635,Closed
Case 1636,Closed
Case 1637,Closed
Case 1638,Closed
Case 1639,Closed
Case 164,Closed
Case 1640,Closed
Case 1641,Closed
Case 1642,Closed
Case 1643,Closed
Case 1644,Closed
Case 1645,Closed
Case 1646,Closed
Case 1647,Closed
Case 1648,Closed
Case 1649,Closed
Case 165,Closed
Case 1650,Closed
Case 1651,Closed
Case 1652,Closed
Case 1653,Closed
Case 1654,Closed
Case 1655,Closed
Case 1656,Closed
Case 1657,Closed
Case 1658,Closed
Case 1659,Closed
Case 166,Closed
Case 1660,Closed
Case 1661,Closed
Case 1662,Closed
Case 1663,Closed
Case 1664,Closed
Case 1665,Closed
Case 1666,Closed
Case 1667,Closed
Case 1668,Closed
Case 1669,Closed
Case 167,Closed
Case 1670,Closed
Case 1671,Closed
Case 1672,Closed
Case 1673,Closed
Case 1674,Closed
Case 1675,Closed
Case 1676,Closed
Case 1677,Closed
Case 1678,Closed
Case 1679,Closed
Case 168,Closed
Case 1680,Closed
Case 1681,Closed
Case 1682,Closed
Case 1683,Closed
Case 1684,Closed
Case 1685,Closed
Case 1686,Closed
Case 1687,Closed
Case 1688,Closed
Case 1689,Closed
Case 169,Closed
Case 1690,Closed
Case 1691,Closed
Case 1692,Closed
Case 1693,Closed
Case 1694,Closed
Case 1695,Closed
Case 1696,Closed
Case 1697,Closed
Case 1698,Closed
Case 1699,Closed
Case 17,Closed
Case 170,Closed
Case 1700,Closed
Case 1701,Closed
Case 1702,Closed
Case 1703,Closed
Case 1704,Closed
Case 1705,Closed
Case 1706,Closed
Case 1707,Closed
Case 1708,Closed
Case 1709,Closed
Case 171,Closed
Case 1710,Closed
Case 1711,Closed
Case 1712,Closed
Case 1713,Closed
Case 1714,Closed
Case 1715,Closed
Case 1716,Closed
Case 1717,Closed
Case 1718,Closed
Case 1719,Closed
Case 172,Closed
Case 1720,Closed
Case 1721,Closed
Case 1722,Closed
Case 1723,Closed
Case 1724,Closed
Case 1725,Closed
Case 1726,Closed
Case 1727,Closed
Case 1728,Closed
Case 1729,Closed
Case 173,Closed
Case 1730,Closed
Case 1731,Closed
Case 1732,Closed
Case 1733,Closed
Case 1734,Closed
Case 1735,Closed
Case 1736,Closed
Case 1737,Closed
Case 1738,Closed
Case 1739,Closed
Case 174,Closed
Case 1740,Closed
Case 1741,Closed
Case 1742,Closed
Case 1743,Closed
Case 1744,Closed
Case 1745,Closed
Case 1746,Closed
Case 1747,Closed
Case 1748,Closed
Case 1749,Closed
Case 175,Closed
Case 1750,Closed
Case 1751,Closed
Case 1752,Closed
Case 1753,Closed
Case 1754,Closed
Case 1755,Closed
Case 1756,Closed
Case 1757,Closed
Case 1758,Closed
Case 1759,Closed
Case 176,Closed
Case 1760,Closed
Case 1761,Closed
Case 1762,Closed
Case 1763,Closed
Case 1764,Closed
Case 1765,Closed
Case 1766,Closed
Case 1767,Closed
Case 1768,Closed
Case 1769,Closed
Case 177,Closed
Case 1770,Closed
Case 1771,Closed
Case 1772,Closed
Case 1773,Closed
Case 1774,Closed
Case 1775,Closed
Case 1776,Closed
Case 1777,Closed
Case 1778,Closed
Case 1779,Closed
Case 178,Closed
Case 1780,Closed
Case 1781,Closed
Case 1782,Closed
Case 1783,Closed
Case 1784,Closed
Case 1785,Closed
Case 1786,Closed
Case 1787,Closed
Case 1788,Closed
Case 1789,Closed
Case 179,Closed
Case 1790,Closed
Case 1791,Closed
Case 1792,Closed
Case 1793,Closed
Case 1794,Closed
Case 1795,Closed
Case 1796,Closed
Case 1797,Closed
Case 1798,Closed
Case 1799,Closed
Case 18,Closed
Case 180,Closed
Case 1800,Closed
Case 1801,Closed
Case 1802,Closed
Case 1803,Closed
Case 1804,Closed
Case 1805,Closed
Case 1806,Closed
Case 1807,Closed
Case 1808,Closed
Case 1809,Closed
Case 181,Closed
Case 1810,Closed
Case 1811,Closed
Case 1812,Closed
Case 1813,Closed
Case 1814,Closed
Case 1815,Closed
Case 1816,Closed
Case 1817,Closed
Case 1818,Closed
Case 1819,Closed
Case 182,Closed
Case 1820,Closed
Case 1821,Closed
Case 1822,Closed
Case 1823,Closed
Case 1824,Closed
Case 1825,Closed
Case 1826,Closed
Case 1827,Closed
Case 1828,Closed
Case 1829,Closed
Case 183,Closed
Case 1830,Closed
Case 1831,Closed
Case 1832,Closed
Case 1833,Closed
Case 1834,Closed
Case 1835,Closed
Case 1836,Closed
Case 1837,Closed
Case 1838,Closed
Case 1839,Closed
Case 184,Closed
Case 1840,Closed
Case 1841,Closed
Case 1842,Closed
Case 1843,Closed
Case 1844,Closed
Case 1845,Closed
Case 1846,Closed
Case 1847,Closed
Case 1848,Closed
Case 1849,Closed
Case 185,Closed
Case 1850,Closed
Case 1851,Closed
Case 1852,Closed
Case 1853,Closed
Case 1854,Closed
Case 1855,Closed
Case 1856,Closed
Case 1857,Closed
Case 1858,Closed
Case 1859,Closed
Case 186,Closed
Case 1860,Closed
Case 1861,Closed
Case 1862,Closed
Case 1863,Closed
Case 1864,Closed
Case 1865,Closed
Case 1866,Closed
Case 1867,Closed
Case 1868,Closed
Case 1869,Closed
Case 187,Closed
Case 1870,Closed
Case 1871,Closed
Case 1872,Closed
Case 1873,Closed
Case 1874,Closed
Case 1875,Closed
Case 1876,Closed
Case 1877,Closed
Case 1878,Closed
Case 1879,Closed
Case 188,Closed
Case 1880,Closed
Case 1881,Closed
Case 1882,Closed
Case 1883,Closed
Case 1884,Closed
Case 1885,Closed
Case 1886,Closed
Case 1887,Closed
Case 1888,Closed
Case 1889,Closed
Case 189,Closed
Case 1890,Closed
Case 1891,Closed
Case 1892,Closed
Case 1893,Closed
Case 1894,Closed
Case 1895,Closed
Case 1896,Closed
Case 1897,Closed
Case 1898,Closed
Case 1899,Closed
Case 19,Closed
Case 190,Closed
Case 1900,Closed
Case 1901,Closed
Case 1902,Closed
Case 1903,Closed
Case 1904,Closed
Case 1905,Closed
Case 1906,Closed
Case 1907,Closed
Case 1908,Closed
Case 1909,Closed
Case 191,Closed
Case 1910,Closed
Case 1911,Closed
Case 1912,Closed
Case 1913,Closed
Case 1914,Closed
Case 1915,Closed
Case 1916,Closed
Case 1917,Closed
Case 1918,Closed
Case 1919,Closed
Case 192,Closed
Case 1920,Closed
Case 1921,Closed
Case 1922,Closed
Case 1923,Closed
Case 1924,Closed
Case 1925,Closed
Case 1926,Closed
Case 1927,Closed
Case 1928,Closed
Case 1929,Closed
Case 193,Closed
Case 1930,Closed
Case 1931,Closed
Case 1932,Closed
Case 1933,Closed
Case 1934,Closed
Case 1935,Closed
Case 1936,Closed
Case 1937,Closed
Case 1938,Closed
Case 1939,Closed
Case 194,Closed
Case 1940,Closed
Case 1941,Closed
Case 1942,Closed
Case 1943,Closed
Case 1944,Closed
Case 1945,Closed
Case 1946,Closed
Case 1947,Closed
Case 1948,Closed
Case 1949,Closed
Case 195,Closed
Case 1950,Closed
Case 1951,Closed
Case 1952,Closed
Case 1953,Closed
Case 1954,Closed
Case 1955,Closed
Case 1956,Closed
Case 1957,Closed
Case 1958,Closed
Case 1959,Closed
Case 196,Closed
Case 1960,Closed
Case 1961,Closed
Case 1962,Closed
Case 1963,Closed
Case 1964,Closed
Case 1965,Closed
Case 1966,Closed
Case 1967,Closed
Case 1968,Closed
Case 1969,Closed
Case 197,Closed
Case 1970,Closed
Case 1971,Closed
Case 1972,Closed
Case 1973,Closed
Case 1974,Closed
Case 1975,Closed
Case 1976,Closed
Case 1977,Closed
Case 1978,Closed
Case 1979,Closed
Case 198,Closed
Case 1980,Closed
Case 1981,Closed
Case 1982,Closed
Case 1983,Closed
Case 1984,Closed
Case 1985,Closed
Case 1986,Closed
Case 1987,Closed
Case 1988,Closed
Case 1989,Closed
Case 199,Closed
Case 1990,Closed
Case 1991,Closed
Case 1992,Closed
Case 1993,Closed
Case 1994,Closed
Case 1995,Closed
Case 1996,Closed
Case 1997,Closed
Case 1998,Closed
Case 1999,Closed
Case 2,Closed
Case 20,Closed
Case 200,Closed
Case 2000,Closed
Case 2001,Closed
Case 2002,Closed
Case 2003,Closed
Case 2004,Closed
Case 2005,Closed
Case 2006,Closed
Case 2007,Closed
Case 2008,Closed
Case 2009,Closed
Case 201,Closed
Case 2010,Closed
Case 2011,Closed
Case 2012,Closed
Case 2013,Closed
Case 2014,Closed
Case 2015,Closed
Case 2016,Closed
Case 2017,Closed
Case 2018,Closed
Case 2019,Closed
Case 202,Closed
Case 2020,Closed
Case 2021,Closed
Case 2022,Closed
Case 2023,Closed
Case 2024,Closed
Case 2025,Closed
Case 2026,Closed
Case 2027,Closed
Case 2028,Closed
Case 2029,Closed
Case 203,Closed
Case 2030,Closed
Case 2031,Closed
Case 2032,Closed
Case 2033,Closed
Case 2034,Closed
Case 2035,Closed
Case 2036,Closed
Case 2037,Closed
Case 2038,Closed
Case 2039,Closed
Case 204,Closed
Case 2040,Closed
Case 2041,Closed
Case 2042,Closed
Case 2043,Closed
Case 2044,Closed
Case 2045,Closed
Case 2046,Closed
Case 2047,Closed
Case 2048,Closed
Case 2049,Closed
Case 205,Closed
Case 2050,Closed
Case 2051,Closed
Case 2052,Closed
Case 2053,Closed
Case 2054,Closed
Case 2055,Closed
Case 2056,Closed
Case 2057,Closed
Case 2058,Closed
Case 2059,Closed
Case 206,Closed
Case 2060,Closed
Case 2061,Closed
Case 2062,Closed
Case 2063,Closed
Case 2064,Closed
Case 2065,Closed
Case 2066,Closed
Case 2067,Closed
Case 2068,Closed
Case 2069,Closed
Case 207,Closed
Case 2070,Closed
Case 2071,Closed
Case 2072,Closed
Case 2073,Closed
Case 2074,Closed
Case 2075,Closed
Case 2076,Closed
Case 2077,Closed
Case 2078,Closed
Case 2079,Closed
Case 208,Closed
Case 2080,Closed
Case 2081,Closed
Case 2082,Closed
Case 2083,Closed
Case 2084,Closed
Case 2085,Closed
Case 2086,Closed
Case 2087,Closed
Case 2088,Closed
Case 2089,Closed
Case 209,Closed
Case 2090,Closed
Case 2091,Closed
Case 2092,Closed
Case 2093,Closed
Case 2094,Closed
Case 2095,Closed
Case 2096,Closed
Case 2097,Closed
Case 2098,Closed
Case 2099,Closed
Case 21,Closed
Case 210,Closed
Case 2100,Closed
Case 2101,Closed
Case 2102,Closed
Case 2103,Closed
Case 2104,Closed
Case 2105,Closed
Case 2106,Closed
Case 2107,Closed
Case 2108,Closed
Case 2109,Closed
Case 211,Closed
Case 2110,Closed
Case 2111,Closed
Case 2112,Closed
Case 2113,Closed
Case 2114,Closed
Case 2115,Closed
Case 2116,Closed
Case 2117,Closed
Case 2118,Closed
Case 2119,Closed
Case 212,Closed
Case 2120,Closed
Case 2121,Closed
Case 2122,Closed
Case 2123,Closed
Case 2124,Closed
Case 2125,Other
Case 2126,Closed
Case 2127,Closed
Case 2128,Closed
Case 2129,Closed
Case 213,Closed
Case 2130,Closed
Case 2131,Closed
Case 2132,Closed
Case 2133,Closed
Case 2134,Closed
Case 2135,Closed
Case 2136,Closed
Case 2137,Closed
Case 2138,Closed
Case 2139,Closed
Case 214,Closed
Case 2140,Closed
Case 2141,Closed
Case 2142,Closed
Case 2143,Closed
Case 2144,Closed
Case 2145,Closed
Case 2146,Closed
Case 2147,Closed
Case 2148,Closed
Case 2149,Closed
Case 215,Closed
Case 2150,Closed
Case 2151,Closed
Case 2152,Closed
Case 2153,Closed
Case 2154,Closed
Case 2155,Closed
Case 2156,Closed
Case 2157,Closed
Case 2158,Closed
Case 2159,Closed
Case 216,Closed
Case 2160,Closed
Case 2161,Closed
Case 2162,Closed
Case 2163,Closed
Case 2164,Closed
Case 2165,Closed
Case 2166,Closed
Case 2167,Closed
Case 2168,Closed
Case 2169,Closed
Case 217,Closed
Case 2170,Closed
Case 2171,Closed
Case 2172,Closed
Case 2173,Closed
Case 2174,Closed
Case 2175,Closed
Case 2176,Closed
Case 2177,Closed
Case 2178,Closed
Case 2179,Closed
Case 218,Closed
Case 2180,Closed
Case 2181,Closed
Case 2182,Closed
Case 2183,Closed
Case 2184,Closed
Case 2185,Closed
Case 2186,Closed
Case 2187,Closed
Case 2188,Closed
Case 2189,Closed
Case 219,Closed
Case 2190,Closed
Case 2191,Closed
Case 2192,Closed
Case 2193,Closed
Case 2194,Closed
Case 2195,Closed
Case 2196,Closed
Case 2197,Closed
Case 2198,Closed
Case 2199,Closed
Case 22,Closed
Case 220,Closed
Case 2200,Closed
Case 2201,Closed
Case 2202,Closed
Case 2203,Closed
Case 2204,Closed
Case 2205,Closed
Case 2206,Closed
Case 2207,Closed
Case 2208,Closed
Case 2209,Closed
Case 221,Closed
Case 2210,Closed
Case 2211,Closed
Case 2212,Closed
Case 2213,Closed
Case 2214,Closed
Case 2215,Closed
Case 2216,Closed
Case 2217,Closed
Case 2218,Closed
Case 2219,Closed
Case 222,Closed
Case 2220,Closed
Case 2221,Closed
Case 2222,Closed
Case 2223,Closed
Case 2224,Closed
Case 2225,Closed
Case 2226,Closed
Case 2227,Closed
Case 2228,Closed
Case 2229,Closed
Case 223,Closed
Case 2230,Closed
Case 2231,Closed
Case 2232,Closed
Case 2233,Closed
Case 2234,Closed
Case 2235,Closed
Case 2236,Closed
Case 2237,Closed
Case 2238,Closed
Case 2239,Closed
Case 224,Closed
Case 2240,Closed
Case 2241,Closed
Case 2242,Closed
Case 2243,Closed
Case 2244,Closed
Case 2245,Closed
Case 2246,Closed
Case 2247,Closed
Case 2248,Closed
Case 2249,Closed
Case 225,Closed
Case 2250,Closed
Case 2251,Closed
Case 2252,Closed
Case 2253,Closed
Case 2254,Closed
Case 2255,Closed
Case 2256,Closed
Case 2257,Closed
Case 2258,Closed
Case 2259,Closed
Case 226,Closed
Case 2260,Closed
Case 2261,Closed
Case 2262,Closed
Case 2263,Closed
Case 2264,Closed
Case 2265,Closed
Case 2266,Closed
Case 2267,Closed
Case 2268,Closed
Case 2269,Closed
Case 227,Closed
Case 2270,Closed
Case 2271,Closed
Case 2272,Closed
Case 2273,Closed
Case 2274,Closed
Case 2275,Closed
Case 2276,Closed
Case 2277,Closed
Case 2278,Closed
Case 2279,Closed
Case 228,Closed
Case 2280,Closed
Case 2281,Closed
Case 2282,Closed
Case 2283,Closed
Case 2284,Closed
Case 2285,Closed
Case 2286,Closed
Case 2287,Closed
Case 2288,Closed
Case 2289,Closed
Case 229,Closed
Case 2290,Closed
Case 2291,Closed
Case 2292,Closed
Case 2293,Closed
Case 2294,Closed
Case 2295,Closed
Case 2296,Closed
Case 2297,Closed
Case 2298,Closed
Case 2299,Closed
Case 23,Closed
Case 230,Closed
Case 2300,Other
Case 2301,Closed
Case 2302,Closed
Case 2303,Closed
Case 2304,Closed
Case 2305,Closed
Case 2306,Closed
Case 2307,Closed
Case 2308,Closed
Case 2309,Closed
Case 231,Closed
Case 2310,Closed
Case 2311,Closed
Case 2312,Closed
Case 2313,Closed
Case 2314,Closed
Case 2315,Closed
Case 2316,Closed
Case 2317,Closed
Case 2318,Closed
Case 2319,Closed
Case 232,Closed
Case 2320,Closed
Case 2321,Closed
Case 2322,Closed
Case 2323,Closed
Case 2324,Closed
Case 2325,Closed
Case 2326,Closed
Case 2327,Closed
Case 2328,Closed
Case 2329,Closed
Case 233,Closed
Case 2330,Closed
Case 2331,Closed
Case 2332,Closed
Case 2333,Closed
Case 2334,Closed
Case 2335,Closed
Case 2336,Closed
Case 2337,Closed
Case 2338,Closed
Case 2339,Closed
Case 234,Closed
Case 2340,Closed
Case 2341,Closed
Case 2342,Closed
Case 2343,Closed
Case 2344,Closed
Case 2345,Closed
Case 2346,Closed
Case 2347,Closed
Case 2348,Closed
Case 2349,Closed
Case 235,Closed
Case 2350,Closed
Case 2351,Closed
Case 2352,Closed
Case 2353,Closed
Case 2354,Closed
Case 2355,Closed
Case 2356,Closed
Case 2357,Closed
Case 2358,Closed
Case 2359,Closed
Case 236,Closed
Case 2360,Closed
Case 2361,Closed
Case 2362,Closed
Case 2363,Closed
Case 2364,Closed
Case 2365,Closed
Case 2366,Closed
Case 2367,Closed
Case 2368,Closed
Case 2369,Closed
Case 237,Closed
Case 2370,Closed
Case 2371,Closed
Case 2372,Closed
Case 2373,Closed
Case 2374,Closed
Case 2375,Closed
Case 2376,Closed
Case 2377,Closed
Case 2378,Closed
Case 2379,Closed
Case 238,Closed
Case 2380,Closed
Case 2381,Closed
Case 2382,Closed
Case 2383,Closed
Case 2384,Closed
Case 2385,Closed
Case 2386,Closed
Case 2387,Closed
Case 2388,Closed
Case 2389,Closed
Case 239,Closed
Case 2390,Closed
Case 2391,Closed
Case 2392,Closed
Case 2393,Closed
Case 2394,Closed
Case 2395,Closed
Case 2396,Closed
Case 2397,Closed
Case 2398,Closed
Case 2399,Closed
Case 24,Closed
Case 240,Closed
Case 2400,Closed
Case 2401,Closed
Case 2402,Closed
Case 2403,Closed
Case 2404,Closed
Case 2405,Closed
Case 2406,Closed
Case 2407,Closed
Case 2408,Closed
Case 2409,Closed
Case 241,Closed
Case 2410,Closed
Case 2411,Closed
Case 2412,Closed
Case 2413,Closed
Case 2414,Closed
Case 2415,Closed
Case 2416,Closed
Case 2417,Closed
Case 2418,Closed
Case 2419,Closed
Case 242,Closed
Case 2420,Closed
Case 2421,Closed
Case 2422,Closed
Case 2423,Closed
Case 2424,Closed
Case 2425,Closed
Case 2426,Closed
Case 2427,Closed
Case 2428,Closed
Case 2429,Closed
Case 243,Closed
Case 2430,Closed
Case 2431,Closed
Case 2432,Closed
Case 2433,Closed
Case 2434,Closed
Case 2435,Closed
Case 2436,Other
Case 2437,Closed
Case 2438,Closed
Case 2439,Closed
Case 244,Closed
Case 2440,Closed
Case 2441,Closed
Case 2442,Closed
Case 2443,Closed
Case 2444,Closed
Case 2445,Closed
Case 2446,Closed
Case 2447,Closed
Case 2448,Closed
Case 2449,Closed
Case 245,Closed
Case 2450,Closed
Case 2451,Other
Case 2452,Closed
Case 2453,Closed
Case 2454,Closed
Case 2455,Closed
Case 2456,Closed
Case 2457,Closed
Case 2458,Closed
Case 2459,Closed
Case 246,Closed
Case 2460,Closed
Case 2461,Closed
Case 2462,Closed
Case 2463,Closed
Case 2464,Closed
Case 2465,Closed
Case 2466,Closed
Case 2467,Closed
Case 2468,Closed
Case 2469,Closed
Case 247,Closed
Case 2470,Closed
Case 2471,Closed
Case 2472,Closed
Case 2473,Closed
Case 2474,Closed
Case 2475,Closed
Case 2476,Closed
Case 2477,Closed
Case 2478,Closed
Case 2479,Closed
Case 248,Closed
Case 2480,Closed
Case 2481,Closed
Case 2482,Closed
Case 2483,Closed
Case 2484,Closed
Case 2485,Closed
Case 2486,Closed
Case 2487,Closed
Case 2488,Closed
Case 2489,Closed
Case 249,Closed
Case 2490,Closed
Case 2491,Closed
Case 2492,Closed
Case 2493,Closed
Case 2494,Closed
Case 2495,Closed
Case 2496,Closed
Case 2497,Closed
Case 2498,Closed
Case 2499,Closed
Case 25,Closed
Case 250,Closed
Case 2500,Closed
Case 2501,Closed
Case 2502,Closed
Case 2503,Closed
Case 2504,Closed
Case 2505,Closed
Case 2506,Closed
Case 2507,Closed
Case 2508,Closed
Case 2509,Closed
Case 251,Closed
Case 2510,Closed
Case 2511,Closed
Case 2512,Closed
Case 2513,Closed
Case 2514,Closed
Case 2515,Closed
Case 2516,Closed
Case 2517,Closed
Case 2518,Closed
Case 2519,Closed
Case 252,Closed
Case 2520,Closed
Case 2521,Closed
Case 2522,Closed
Case 2523,Closed
Case 2524,Closed
Case 2525,Closed
Case 2526,Closed
Case 2527,Closed
Case 2528,Closed
Case 2529,Closed
Case 253,Closed
Case 2530,Closed
Case 2531,Closed
Case 2532,Closed
Case 2533,Closed
Case 2534,Closed
Case 2535,Closed
Case 2536,Closed
Case 2537,Closed
Case 2538,Closed
Case 2539,Closed
Case 254,Closed
Case 2540,Closed
Case 2541,Closed
Case 2542,Closed
Case 2543,Closed
Case 2544,Closed
Case 2545,Closed
Case 2546,Closed
Case 2547,Closed
Case 2548,Closed
Case 2549,Closed
Case 255,Closed
Case 2550,Closed
Case 2551,Closed
Case 2552,Closed
Case 2553,Closed
Case 2554,Closed
Case 2555,Closed
Case 2556,Closed
Case 2557,Closed
Case 2558,Closed
Case 2559,Closed
Case 256,Closed
Case 2560,Closed
Case 2561,Closed
Case 2562,Closed
Case 2563,Closed
Case 2564,Closed
Case 2565,Closed
Case 2566,Closed
Case 2567,Closed
Case 2568,Closed
Case 2569,Closed
Case 257,Closed
Case 2570,Closed
Case 2571,Closed
Case 2572,Closed
Case 2573,Closed
Case 2574,Closed
Case 2575,Closed
Case 2576,Closed
Case 2577,Closed
Case 2578,Closed
Case 2579,Closed
Case 258,Closed
Case 2580,Closed
Case 2581,Closed
Case 2582,Closed
Case 2583,Closed
Case 2584,Closed
Case 2585,Closed
Case 2586,Closed
Case 2587,Closed
Case 2588,Closed
Case 2589,Closed
Case 259,Closed
Case 2590,Closed
Case 2591,Closed
Case 2592,Closed
Case 2593,Closed
Case 2594,Closed
Case 2595,Closed
Case 2596,Closed
Case 2597,Closed
Case 2598,Closed
Case 2599,Closed
Case 26,Closed
Case 260,Closed
Case 2600,Closed
Case 2601,Closed
Case 2602,Closed
Case 2603,Closed
Case 2604,Closed
Case 2605,Closed
Case 2606,Closed
Case 2607,Closed
Case 2608,Closed
Case 2609,Closed
Case 261,Closed
Case 2610,Closed
Case 2611,Closed
Case 2612,Closed
Case 2613,Closed
Case 2614,Closed
Case 2615,Closed
Case 2616,Closed
Case 2617,Closed
Case 2618,Closed
Case 2619,Closed
Case 262,Closed
Case 2620,Closed
Case 2621,Closed
Case 2622,Closed
Case 2623,Closed
Case 2624,Closed
Case 2625,Closed
Case 2626,Closed
Case 2627,Closed
Case 2628,Closed
Case 2629,Closed
Case 263,Closed
Case 2630,Closed
Case 2631,Closed
Case 2632,Closed
Case 2633,Closed
Case 2634,Closed
Case 2635,Closed
Case 2636,Closed
Case 2637,Closed
Case 2638,Closed
Case 2639,Closed
Case 264,Closed
Case 2640,Closed
Case 2641,Closed
Case 2642,Closed
Case 2643,Closed
Case 2644,Closed
Case 2645,Closed
Case 2646,Closed
Case 2647,Closed
Case 2648,Closed
Case 2649,Closed
Case 265,Closed
Case 2650,Closed
Case 2651,Closed
Case 2652,Closed
Case 2653,Closed
Case 2654,Closed
Case 2655,Closed
Case 2656,Closed
Case 2657,Closed
Case 2658,Closed
Case 2659,Closed
Case 266,Closed
Case 2660,Closed
Case 2661,Closed
Case 2662,Closed
Case 2663,Closed
Case 2664,Closed
Case 2665,Closed
Case 2666,Closed
Case 2667,Closed
Case 2668,Closed
Case 2669,Closed
Case 267,Closed
Case 2670,Closed
Case 2671,Closed
Case 2672,Closed
Case 2673,Closed
Case 2674,Closed
Case 2675,Closed
Case 2676,Closed
Case 2677,Closed
Case 2678,Closed
Case 2679,Closed
Case 268,Closed
Case 2680,Closed
Case 2681,Closed
Case 2682,Closed
Case 2683,Closed
Case 2684,Closed
Case 2685,Closed
Case 2686,Closed
Case 2687,Closed
Case 2688,Closed
Case 2689,Closed
Case 269,Closed
Case 2690,Closed
Case 2691,Closed
Case 2692,Closed
Case 2693,Closed
Case 2694,Closed
Case 2695,Closed
Case 2696,Closed
Case 2697,Closed
Case 2698,Closed
Case 2699,Closed
Case 27,Closed
Case 270,Closed
Case 2700,Closed
Case 2701,Closed
Case 2702,Closed
Case 2703,Closed
Case 2704,Closed
Case 2705,Closed
Case 2706,Closed
Case 2707,Closed
Case 2708,Closed
Case 2709,Closed
Case 271,Closed
Case 2710,Closed
Case 2711,Closed
Case 2712,Closed
Case 2713,Closed
Case 2714,Closed
Case 2715,Closed
Case 2716,Closed
Case 2717,Closed
Case 2718,Closed
Case 2719,Closed
Case 272,Closed
Case 2720,Closed
Case 2721,Closed
Case 2722,Closed
Case 2723,Closed
Case 2724,Closed
Case 2725,Closed
Case 2726,Closed
Case 2727,Closed
Case 2728,Closed
Case 2729,Closed
Case 273,Closed
Case 2730,Closed
Case 2731,Closed
Case 2732,Closed
Case 2733,Closed
Case 2734,Closed
Case 2735,Closed
Case 2736,Closed
Case 2737,Closed
Case 2738,Closed
Case 2739,Closed
Case 274,Closed
Case 2740,Closed
Case 2741,Closed
Case 2742,Closed
Case 2743,Closed
Case 2744,Closed
Case 2745,Closed
Case 2746,Closed
Case 2747,Closed
Case 2748,Closed
Case 2749,Closed
Case 275,Closed
Case 2750,Closed
Case 2751,Closed
Case 2752,Closed
Case 2753,Closed
Case 2754,Closed
Case 2755,Closed
Case 2756,Closed
Case 2757,Closed
Case 2758,Closed
Case 2759,Closed
Case 276,Closed
Case 2760,Closed
Case 2761,Closed
Case 2762,Closed
Case 2763,Closed
Case 2764,Closed
Case 2765,Closed
Case 2766,Closed
Case 2767,Closed
Case 2768,Closed
Case 2769,Closed
Case 277,Closed
Case 2770,Closed
Case 2771,Closed
Case 2772,Closed
Case 2773,Closed
Case 2774,Closed
Case 2775,Closed
Case 2776,Closed
Case 2777,Closed
Case 2778,Closed
Case 2779,Closed
Case 278,Closed
Case 2780,Closed
Case 2781,Closed
Case 2782,Closed
Case 2783,Closed
Case 2784,Closed
Case 2785,Closed
Case 2786,Closed
Case 2787,Closed
Case 2788,Closed
Case 2789,Closed
Case 279,Closed
Case 2790,Closed
Case 2791,Closed
Case 2792,Closed
Case 2793,Closed
Case 2794,Closed
Case 2795,Closed
Case 2796,Closed
Case 2797,Closed
Case 2798,Closed
Case 2799,Closed
Case 28,Other
Case 280,Closed
Case 2800,Closed
Case 2801,Closed
Case 2802,Closed
Case 2803,Closed
Case 2804,Closed
Case 2805,Closed
Case 2806,Closed
Case 2807,Closed
Case 2808,Closed
Case 2809,Closed
Case 281,Closed
Case 2810,Closed
Case 2811,Closed
Case 2812,Closed
Case 2813,Closed
Case 2814,Closed
Case 2815,Closed
Case 2816,Closed
Case 2817,Closed
Case 2818,Closed
Case 2819,Closed
Case 282,Closed
Case 2820,Closed
Case 2821,Closed
Case 2822,Closed
Case 2823,Closed
Case 2824,Closed
Case 2825,Closed
Case 2826,Closed
Case 2827,Closed
Case 2828,Closed
Case 2829,Closed
Case 283,Closed
Case 2830,Closed
Case 2831,Closed
Case 2832,Closed
Case 2833,Closed
Case 2834,Closed
Case 2835,Closed
Case 2836,Closed
Case 2837,Closed
Case 2838,Closed
Case 2839,Closed
Case 284,Closed
Case 2840,Closed
Case 2841,Closed
Case 2842,Closed
Case 2843,Closed
Case 2844,Closed
Case 2845,Closed
Case 2846,Closed
Case 2847,Closed
Case 2848,Closed
Case 2849,Closed
Case 285,Closed
Case 2850,Closed
Case 2851,Closed
Case 2852,Closed
Case 2853,Closed
Case 2854,Closed
Case 2855,Closed
Case 2856,Closed
Case 2857,Closed
Case 2858,Closed
Case 2859,Closed
Case 286,Closed
Case 2860,Closed
Case 2861,Closed
Case 2862,Closed
Case 2863,Closed
Case 2864,Closed
Case 2865,Closed
Case 2866,Closed
Case 2867,Closed
Case 2868,Closed
Case 2869,Closed
Case 287,Closed
Case 2870,Closed
Case 2871,Closed
Case 2872,Closed
Case 2873,Closed
Case 2874,Closed
Case 2875,Closed
Case 2876,Closed
Case 2877,Closed
Case 2878,Closed
Case 2879,Closed
Case 288,Closed
Case 2880,Closed
Case 2881,Closed
Case 2882,Closed
Case 2883,Closed
Case 2884,Closed
Case 2885,Closed
Case 2886,Closed
Case 2887,Closed
Case 2888,Closed
Case 2889,Closed
Case 289,Closed
Case 2890,Closed
Case 2891,Closed
Case 2892,Closed
Case 2893,Closed
Case 2894,Closed
Case 2895,Closed
Case 2896,Closed
Case 2897,Closed
Case 2898,Closed
Case 2899,Closed
Case 29,Closed
Case 290,Closed
Case 2900,Closed
Case 2901,Closed
Case 2902,Closed
Case 2903,Closed
Case 2904,Closed
Case 2905,Closed
Case 2906,Closed
Case 2907,Closed
Case 2908,Closed
Case 2909,Closed
Case 291,Closed
Case 2910,Closed
Case 2911,Closed
Case 2912,Closed
Case 2913,Closed
Case 2914,Closed
Case 2915,Closed
Case 2916,Closed
Case 2917,Closed
Case 2918,Closed
Case 2919,Closed
Case 292,Closed
Case 2920,Closed
Case 2921,Closed
Case 2922,Closed
Case 2923,Closed
Case 2924,Closed
Case 2925,Closed
Case 2926,Closed
Case 2927,Closed
Case 2928,Closed
Case 2929,Closed
Case 293,Closed
Case 2930,Closed
Case 2931,Closed
Case 2932,Closed
Case 2933,Closed
Case 2934,Closed
Case 2935,Closed
Case 2936,Closed
Case 2937,Closed
Case 2938,Closed
Case 2939,Closed
Case 294,Closed
Case 2940,Closed
Case 2941,Closed
Case 2942,Closed
Case 2943,Closed
Case 2944,Closed
Case 2945,Closed
Case 2946,Closed
Case 2947,Closed
Case 2948,Closed
Case 2949,Closed
Case 295,Closed
Case 2950,Closed
Case 2951,Closed
Case 2952,Closed
Case 2953,Closed
Case 2954,Closed
Case 2955,Closed
Case 2956,Closed
Case 2957,Closed
Case 2958,Closed
Case 2959,Closed
Case 296,Closed
Case 2960,Closed
Case 2961,Closed
Case 2962,Closed
Case 2963,Closed
Case 2964,Closed
Case 2965,Closed
Case 2966,Closed
Case 2967,Closed
Case 2968,Closed
Case 2969,Closed
Case 297,Closed
Case 2970,Closed
Case 2971,Closed
Case 2972,Closed
Case 2973,Closed
Case 2974,Closed
Case 2975,Closed
Case 2976,Closed
Case 2977,Closed
Case 2978,Closed
Case 2979,Closed
Case 298,Closed
Case 2980,Closed
Case 2981,Closed
Case 2982,Closed
Case 2983,Closed
Case 2984,Closed
Case 2985,Closed
Case 2986,Closed
Case 2987,Closed
Case 2988,Closed
Case 2989,Closed
Case 299,Closed
Case 2990,Closed
Case 2991,Closed
Case 2992,Closed
Case 2993,Closed
Case 2994,Closed
Case 2995,Closed
Case 2996,Closed
Case 2997,Closed
Case 2998,Closed
Case 2999,Closed
Case 3,Closed
Case 30,Closed
Case 300,Closed
Case 3000,Closed
Case 3001,Closed
Case 3002,Closed
Case 3003,Closed
Case 3004,Closed
Case 3005,Closed
Case 3006,Closed
Case 3007,Closed
Case 3008,Closed
Case 3009,Closed
Case 301,Closed
Case 3010,Closed
Case 3011,Closed
Case 3012,Closed
Case 3013,Closed
Case 3014,Closed
Case 3015,Closed
Case 3016,Closed
Case 3017,Closed
Case 3018,Closed
Case 3019,Closed
Case 302,Closed
Case 3020,Closed
Case 3021,Closed
Case 3022,Closed
Case 3023,Closed
Case 3024,Closed
Case 3025,Closed
Case 3026,Closed
Case 3027,Closed
Case 3028,Closed
Case 3029,Closed
Case 303,Closed
Case 3030,Closed
Case 3031,Closed
Case 3032,Closed
Case 3033,Closed
Case 3034,Closed
Case 3035,Closed
Case 3036,Closed
Case 3037,Closed
Case 3038,Closed
Case 3039,Closed
Case 304,Closed
Case 3040,Closed
Case 3041,Closed
Case 3042,Closed
Case 3043,Closed
Case 3044,Closed
Case 3045,Closed
Case 3046,Closed
Case 3047,Closed
Case 3048,Closed
Case 3049,Closed
Case 305,Closed
Case 3050,Closed
Case 3051,Closed
Case 3052,Closed
Case 3053,Closed
Case 3054,Closed
Case 3055,Closed
Case 3056,Closed
Case 3057,Closed
Case 3058,Closed
Case 3059,Closed
Case 306,Closed
Case 3060,Closed
Case 3061,Closed
Case 3062,Closed
Case 3063,Closed
Case 3064,Closed
Case 3065,Closed
Case 3066,Closed
Case 3067,Closed
Case 3068,Closed
Case 3069,Closed
Case 307,Closed
Case 3070,Closed
Case 3071,Closed
Case 3072,Closed
Case 3073,Closed
Case 3074,Closed
Case 3075,Closed
Case 3076,Closed
Case 3077,Closed
Case 3078,Closed
Case 3079,Closed
Case 308,Closed
Case 3080,Closed
Case 3081,Closed
Case 3082,Closed
Case 3083,Closed
Case 3084,Closed
Case 3085,Closed
Case 3086,Closed
Case 3087,Closed
Case 3088,Closed
Case 3089,Closed
Case 309,Closed
Case 3090,Closed
Case 3091,Closed
Case 3092,Closed
Case 3093,Closed
Case 3094,Closed
Case 3095,Closed
Case 3096,Closed
Case 3097,Closed
Case 3098,Closed
Case 3099,Closed
Case 31,Closed
Case 310,Closed
Case 3100,Closed
Case 3101,Closed
Case 3102,Closed
Case 3103,Closed
Case 3104,Closed
Case 3105,Closed
Case 3106,Closed
Case 3107,Closed
Case 3108,Closed
Case 3109,Closed
Case 311,Closed
Case 3110,Closed
Case 3111,Closed
Case 3112,Closed
Case 3113,Closed
Case 3114,Closed
Case 3115,Closed
Case 3116,Closed
Case 3117,Closed
Case 3118,Closed
Case 3119,Closed
Case 312,Closed
Case 3120,Closed
Case 3121,Closed
Case 3122,Closed
Case 3123,Closed
Case 3124,Closed
Case 3125,Closed
Case 3126,Closed
Case 3127,Closed
Case 3128,Closed
Case 3129,Closed
Case 313,Closed
Case 3130,Closed
Case 3131,Closed
Case 3132,Closed
Case 3133,Closed
Case 3134,Closed
Case 3135,Closed
Case 3136,Closed
Case 3137,Closed
Case 3138,Closed
Case 3139,Closed
Case 314,Closed
Case 3140,Closed
Case 3141,Closed
Case 3142,Closed
Case 3143,Closed
Case 3144,Closed
Case 3145,Closed
Case 3146,Closed
Case 3147,Closed
Case 3148,Closed
Case 3149,Closed
Case 315,Closed
Case 3150,Closed
Case 3151,Closed
Case 3152,Closed
Case 3153,Closed
Case 3154,Closed
Case 3155,Closed
Case 3156,Closed
Case 3157,Closed
Case 3158,Closed
Case 3159,Closed
Case 316,Closed
Case 3160,Closed
Case 3161,Closed
Case 3162,Closed
Case 3163,Closed
Case 3164,Closed
Case 3165,Closed
Case 3166,Closed
Case 3167,Closed
Case 3168,Closed
Case 3169,Closed
Case 317,Closed
Case 3170,Closed
Case 3171,Closed
Case 3172,Closed
Case 3173,Closed
Case 3174,Closed
Case 3175,Closed
Case 3176,Closed
Case 3177,Closed
Case 3178,Closed
Case 3179,Closed
Case 318,Closed
Case 3180,Closed
Case 3181,Closed
Case 3182,Closed
Case 3183,Closed
Case 3184,Closed
Case 3185,Closed
Case 3186,Closed
Case 3187,Closed
Case 3188,Closed
Case 3189,Closed
Case 319,Closed
Case 3190,Closed
Case 3191,Closed
Case 3192,Closed
Case 3193,Closed
Case 3194,Closed
Case 3195,Closed
Case 3196,Closed
Case 3197,Closed
Case 3198,Closed
Case 3199,Closed
Case 32,Closed
Case 320,Closed
Case 3200,Closed
Case 3201,Closed
Case 3202,Closed
Case 3203,Closed
Case 3204,Closed
Case 3205,Closed
Case 3206,Closed
Case 3207,Closed
Case 3208,Closed
Case 3209,Closed
Case 321,Closed
Case 3210,Closed
Case 3211,Closed
Case 3212,Closed
Case 3213,Closed
Case 3214,Closed
Case 3215,Closed
Case 3216,Closed
Case 3217,Closed
Case 3218,Closed
Case 3219,Closed
Case 322,Closed
Case 3220,Closed
Case 3221,Closed
Case 3222,Closed
Case 3223,Closed
Case 3224,Closed
Case 3225,Closed
Case 3226,Closed
Case 3227,Closed
Case 3228,Closed
Case 3229,Closed
Case 323,Closed
Case 3230,Closed
Case 3231,Closed
Case 3232,Closed
Case 3233,Closed
Case 3234,Other
Case 3235,Closed
Case 3236,Closed
Case 3237,Closed
Case 3238,Closed
Case 3239,Closed
Case 324,Closed
Case 3240,Closed
Case 3241,Closed
Case 3242,Closed
Case 3243,Closed
Case 3244,Closed
Case 3245,Closed
Case 3246,Closed
Case 3247,Closed
Case 3248,Closed
Case 3249,Closed
Case 325,Closed
Case 3250,Closed
Case 3251,Closed
Case 3252,Closed
Case 3253,Closed
Case 3254,Other
Case 3255,Closed
Case 3256,Closed
Case 3257,Closed
Case 3258,Closed
Case 3259,Closed
Case 326,Closed
Case 3260,Closed
Case 3261,Closed
Case 3262,Closed
Case 3263,Closed
Case 3264,Closed
Case 3265,Closed
Case 3266,Closed
Case 3267,Closed
Case 3268,Closed
Case 3269,Closed
Case 327,Closed
Case 3270,Closed
Case 3271,Closed
Case 3272,Closed
Case 3273,Closed
Case 3274,Closed
Case 3275,Closed
Case 3276,Closed
Case 3277,Closed
Case 3278,Closed
Case 3279,Closed
Case 328,Closed
Case 3280,Closed
Case 3281,Closed
Case 3282,Closed
Case 3283,Closed
Case 3284,Closed
Case 3285,Closed
Case 3286,Closed
Case 3287,Closed
Case 3288,Closed
Case 3289,Closed
Case 329,Closed
Case 3290,Closed
Case 3291,Closed
Case 3292,Closed
Case 3293,Closed
Case 3294,Closed
Case 3295,Closed
Case 3296,Closed
Case 3297,Closed
Case 3298,Closed
Case 3299,Closed
Case 33,Closed
Case 330,Closed
Case 3300,Closed
Case 3301,Closed
Case 3302,Closed
Case 3303,Closed
Case 3304,Closed
Case 3305,Closed
Case 3306,Closed
Case 3307,Closed
Case 3308,Closed
Case 3309,Closed
Case 331,Closed
Case 3310,Closed
Case 3311,Closed
Case 3312,Closed
Case 3313,Closed
Case 3314,Closed
Case 3315,Closed
Case 3316,Closed
Case 3317,Closed
Case 3318,Closed
Case 3319,Closed
Case 332,Closed
Case 3320,Closed
Case 3321,Closed
Case 3322,Closed
Case 3323,Other
Case 3324,Closed
Case 3325,Closed
Case 3326,Closed
Case 3327,Closed
Case 3328,Closed
Case 3329,Closed
Case 333,Closed
Case 3330,Closed
Case 3331,Closed
Case 3332,Closed
Case 3333,Closed
Case 3334,Closed
Case 3335,Closed
Case 3336,Closed
Case 3337,Closed
Case 3338,Closed
Case 3339,Closed
Case 334,Closed
Case 3340,Closed
Case 3341,Closed
Case 3342,Closed
Case 3343,Closed
Case 3344,Closed
Case 3345,Closed
Case 3346,Closed
Case 3347,Closed
Case 3348,Closed
Case 3349,Closed
Case 335,Closed
Case 3350,Closed
Case 3351,Closed
Case 3352,Closed
Case 3353,Closed
Case 3354,Closed
Case 3355,Closed
Case 3356,Closed
Case 3357,Closed
Case 3358,Closed
Case 3359,Closed
Case 336,Closed
Case 3360,Closed
Case 3361,Closed
Case 3362,Closed
Case 3363,Closed
Case 3364,Closed
Case 3365,Closed
Case 3366,Closed
Case 3367,Closed
Case 3368,Closed
Case 3369,Closed
Case 337,Closed
Case 3370,Closed
Case 3371,Closed
Case 3372,Closed
Case 3373,Closed
Case 3374,Closed
Case 3375,Closed
Case 3376,Closed
Case 3377,Closed
Case 3378,Closed
Case 3379,Closed
Case 338,Closed
Case 3380,Closed
Case 3381,Closed
Case 3382,Closed
Case 3383,Closed
Case 3384,Closed
Case 3385,Closed
Case 3386,Closed
Case 3387,Closed
Case 3388,Closed
Case 3389,Closed
Case 339,Closed
Case 3390,Closed
Case 3391,Closed
Case 3392,Closed
Case 3393,Closed
Case 3394,Closed
Case 3395,Closed
Case 3396,Closed
Case 3397,Closed
Case 3398,Closed
Case 3399,Closed
Case 34,Closed
Case 340,Closed
Case 3400,Closed
Case 3401,Closed
Case 3402,Closed
Case 3403,Closed
Case 3404,Closed
Case 3405,Closed
Case 3406,Closed
Case 3407,Closed
Case 3408,Closed
Case 3409,Other
Case 341,Closed
Case 3410,Closed
Case 3411,Closed
Case 3412,Closed
Case 3413,Closed
Case 3414,Closed
Case 3415,Closed
Case 3416,Closed
Case 3417,Closed
Case 3418,Closed
Case 3419,Closed
Case 342,Other
Case 3420,Closed
Case 3421,Closed
Case 3422,Closed
Case 3423,Closed
Case 3424,Closed
Case 3425,Closed
Case 3426,Closed
Case 3427,Closed
Case 3428,Closed
Case 3429,Closed
Case 343,Closed
Case 3430,Closed
Case 3431,Closed
Case 3432,Closed
Case 3433,Closed
Case 3434,Closed
Case 3435,Closed
Case 3436,Closed
Case 3437,Closed
Case 3438,Closed
Case 3439,Closed
Case 344,Closed
Case 3440,Closed
Case 3441,Closed
Case 3442,Closed
Case 3443,Other
Case 3444,Closed
Case 3445,Closed
Case 3446,Closed
Case 3447,Closed
Case 3448,Closed
Case 3449,Closed
Case 345,Closed
Case 3450,Closed
Case 3451,Closed
Case 3452,Closed
Case 3453,Closed
Case 3454,Closed
Case 3455,Closed
Case 3456,Closed
Case 3457,Closed
Case 3458,Closed
Case 3459,Closed
Case 346,Closed
Case 3460,Closed
Case 3461,Closed
Case 3462,Closed
Case 3463,Closed
Case 3464,Closed
Case 3465,Closed
Case 3466,Closed
Case 3467,Closed
Case 3468,Closed
Case 3469,Closed
Case 347,Closed
Case 3470,Closed
Case 3471,Closed
Case 3472,Closed
Case 3473,Closed
Case 3474,Closed
Case 3475,Closed
Case 3476,Closed
Case 3477,Closed
Case 3478,Closed
Case 3479,Closed
Case 348,Closed
Case 3480,Closed
Case 3481,Closed
Case 3482,Closed
Case 3483,Closed
Case 3484,Closed
Case 3485,Closed
Case 3486,Closed
Case 3487,Closed
Case 3488,Closed
Case 3489,Closed
Case 349,Closed
Case 3490,Closed
Case 3491,Closed
Case 3492,Closed
Case 3493,Closed
Case 3494,Closed
Case 3495,Closed
Case 3496,Closed
Case 3497,Closed
Case 3498,Closed
Case 3499,Closed
Case 35,Closed
Case 350,Closed
Case 3500,Closed
Case 3501,Closed
Case 3502,Closed
Case 3503,Closed
Case 3504,Closed
Case 3505,Closed
Case 3506,Closed
Case 3507,Closed
Case 3508,Closed
Case 3509,Closed
Case 351,Closed
Case 3510,Closed
Case 3511,Closed
Case 3512,Closed
Case 3513,Closed
Case 3514,Closed
Case 3515,Closed
Case 3516,Closed
Case 3517,Closed
Case 3518,Closed
Case 3519,Closed
Case 352,Closed
Case 3520,Closed
Case 3521,Closed
Case 3522,Closed
Case 3523,Closed
Case 3524,Closed
Case 3525,Closed
Case 3526,Closed
Case 3527,Closed
Case 3528,Closed
Case 3529,Closed
Case 353,Closed
Case 3530,Closed
Case 3531,Closed
Case 3532,Closed
Case 3533,Closed
Case 3534,Closed
Case 3535,Closed
Case 3536,Closed
Case 3537,Closed
Case 3538,Closed
Case 3539,Closed
Case 354,Closed
Case 3540,Closed
Case 3541,Closed
Case 3542,Closed
Case 3543,Closed
Case 3544,Closed
Case 3545,Closed
Case 3546,Closed
Case 3547,Closed
Case 3548,Closed
Case 3549,Closed
Case 355,Closed
Case 3550,Closed
Case 3551,Closed
Case 3552,Closed
Case 3553,Closed
Case 3554,Closed
Case 3555,Closed
Case 3556,Closed
Case 3557,Closed
Case 3558,Closed
Case 3559,Closed
Case 356,Closed
Case 3560,Closed
Case 3561,Closed
Case 3562,Closed
Case 3563,Closed
Case 3564,Closed
Case 3565,Closed
Case 3566,Closed
Case 3567,Closed
Case 3568,Closed
Case 3569,Closed
Case 357,Closed
Case 3570,Closed
Case 3571,Closed
Case 3572,Closed
Case 3573,Closed
Case 3574,Closed
Case 3575,Closed
Case 3576,Closed
Case 3577,Closed
Case 3578,Closed
Case 3579,Closed
Case 358,Closed
Case 3580,Closed
Case 3581,Closed
Case 3582,Closed
Case 3583,Closed
Case 3584,Closed
Case 3585,Closed
Case 3586,Closed
Case 3587,Closed
Case 3588,Closed
Case 3589,Closed
Case 359,Closed
Case 3590,Closed
Case 3591,Closed
Case 3592,Closed
Case 3593,Closed
Case 3594,Closed
Case 3595,Closed
Case 3596,Closed
Case 3597,Closed
Case 3598,Closed
Case 3599,Closed
Case 36,Closed
Case 360,Closed
Case 3600,Closed
Case 3601,Closed
Case 3602,Closed
Case 3603,Closed
Case 3604,Closed
Case 3605,Closed
Case 3606,Closed
Case 3607,Closed
Case 3608,Closed
Case 3609,Closed
Case 361,Closed
Case 3610,Closed
Case 3611,Closed
Case 3612,Closed
Case 3613,Closed
Case 3614,Closed
Case 3615,Closed
Case 3616,Closed
Case 3617,Closed
Case 3618,Closed
Case 3619,Closed
Case 362,Closed
Case 3620,Closed
Case 3621,Closed
Case 3622,Closed
Case 3623,Closed
Case 3624,Closed
Case 3625,Closed
Case 3626,Closed
Case 3627,Closed
Case 3628,Closed
Case 3629,Closed
Case 363,Closed
Case 3630,Closed
Case 3631,Closed
Case 3632,Closed
Case 3633,Closed
Case 3634,Closed
Case 3635,Closed
Case 3636,Closed
Case 3637,Closed
Case 3638,Closed
Case 3639,Closed
Case 364,Closed
Case 3640,Closed
Case 3641,Closed
Case 3642,Closed
Case 3643,Closed
Case 3644,Closed
Case 3645,Closed
Case 3646,Closed
Case 3647,Closed
Case 3648,Closed
Case 3649,Closed
Case 365,Closed
Case 3650,Closed
Case 3651,Closed
Case 3652,Closed
Case 3653,Closed
Case 3654,Closed
Case 3655,Closed
Case 3656,Closed
Case 3657,Closed
Case 3658,Closed
Case 3659,Closed
Case 366,Closed
Case 3660,Closed
Case 3661,Closed
Case 3662,Closed
Case 3663,Closed
Case 3664,Closed
Case 3665,Closed
Case 3666,Closed
Case 3667,Closed
Case 3668,Closed
Case 3669,Closed
Case 367,Closed
Case 3670,Closed
Case 3671,Closed
Case 3672,Closed
Case 3673,Closed
Case 3674,Closed
Case 3675,Closed
Case 3676,Closed
Case 3677,Closed
Case 3678,Closed
Case 3679,Closed
Case 368,Closed
Case 3680,Closed
Case 3681,Closed
Case 3682,Closed
Case 3683,Closed
Case 3684,Closed
Case 3685,Closed
Case 3686,Closed
Case 3687,Closed
Case 3688,Closed
Case 3689,Closed
Case 369,Closed
Case 3690,Closed
Case 3691,Closed
Case 3692,Closed
Case 3693,Closed
Case 3694,Closed
Case 3695,Closed
Case 3696,Closed
Case 3697,Closed
Case 3698,Closed
Case 3699,Closed
Case 37,Closed
Case 370,Closed
Case 3700,Closed
Case 3701,Closed
Case 3702,Closed
Case 3703,Closed
Case 3704,Closed
Case 3705,Closed
Case 3706,Closed
Case 3707,Closed
Case 3708,Closed
Case 3709,Closed
Case 371,Closed
Case 3710,Closed
Case 3711,Closed
Case 3712,Closed
Case 3713,Closed
Case 3714,Closed
Case 3715,Closed
Case 3716,Closed
Case 3717,Closed
Case 3718,Closed
Case 3719,Closed
Case 372,Closed
Case 3720,Closed
Case 3721,Closed
Case 3722,Closed
Case 3723,Closed
Case 3724,Closed
Case 3725,Closed
Case 3726,Closed
Case 3727,Closed
Case 3728,Closed
Case 3729,Closed
Case 373,Closed
Case 3730,Closed
Case 3731,Closed
Case 3732,Closed
Case 3733,Closed
Case 3734,Closed
Case 3735,Closed
Case 3736,Closed
Case 3737,Closed
Case 3738,Closed
Case 3739,Closed
Case 374,Closed
Case 3740,Closed
Case 3741,Closed
Case 3742,Closed
Case 3743,Closed
Case 3744,Closed
Case 3745,Closed
Case 3746,Closed
Case 3747,Closed
Case 3748,Closed
Case 3749,Closed
Case 375,Closed
Case 3750,Closed
Case 3751,Closed
Case 3752,Closed
Case 3753,Closed
Case 3754,Closed
Case 3755,Closed
Case 3756,Closed
Case 3757,Closed
Case 3758,Closed
Case 3759,Closed
Case 376,Closed
Case 3760,Closed
Case 3761,Closed
Case 3762,Closed
Case 3763,Closed
Case 3764,Closed
Case 3765,Closed
Case 3766,Closed
Case 3767,Closed
Case 3768,Closed
Case 3769,Closed
Case 377,Closed
Case 3770,Closed
Case 3771,Closed
Case 3772,Closed
Case 3773,Closed
Case 3774,Closed
Case 3775,Closed
Case 3776,Closed
Case 3777,Closed
Case 3778,Closed
Case 3779,Closed
Case 378,Closed
Case 3780,Closed
Case 3781,Closed
Case 3782,Closed
Case 3783,Closed
Case 3784,Closed
Case 3785,Closed
Case 3786,Closed
Case 3787,Closed
Case 3788,Closed
Case 3789,Closed
Case 379,Closed
Case 3790,Closed
Case 3791,Closed
Case 3792,Closed
Case 3793,Closed
Case 3794,Closed
Case 3795,Closed
Case 3796,Closed
Case 3797,Closed
Case 3798,Closed
Case 3799,Closed
Case 38,Closed
Case 380,Closed
Case 3800,Closed
Case 3801,Closed
Case 3802,Closed
Case 3803,Closed
Case 3804,Closed
Case 3805,Closed
Case 3806,Closed
Case 3807,Closed
Case 3808,Closed
Case 3809,Closed
Case 381,Closed
Case 3810,Closed
Case 3811,Closed
Case 3812,Closed
Case 3813,Closed
Case 3814,Closed
Case 3815,Closed
Case 3816,Closed
Case 3817,Closed
Case 3818,Closed
Case 3819,Closed
Case 382,Other
Case 3820,Closed
Case 3821,Closed
Case 3822,Closed
Case 3823,Closed
Case 3824,Closed
Case 3825,Closed
Case 3826,Closed
Case 3827,Closed
Case 3828,Closed
Case 3829,Closed
Case 383,Other
Case 3830,Closed
Case 3831,Closed
Case 3832,Closed
Case 3833,Closed
Case 3834,Closed
Case 3835,Closed
Case 3836,Closed
Case 3837,Closed
Case 3838,Closed
Case 3839,Closed
Case 384,Closed
Case 3840,Closed
Case 3841,Closed
Case 3842,Closed
Case 3843,Closed
Case 3844,Closed
Case 3845,Closed
Case 3846,Closed
Case 3847,Closed
Case 3848,Closed
Case 3849,Closed
Case 385,Closed
Case 3850,Closed
Case 3851,Closed
Case 3852,Closed
Case 3853,Closed
Case 3854,Closed
Case 3855,Closed
Case 3856,Closed
Case 3857,Closed
Case 3858,Closed
Case 3859,Closed
Case 386,Closed
Case 3860,Closed
Case 3861,Closed
Case 3862,Closed
Case 3863,Closed
Case 3864,Closed
Case 3865,Closed
Case 3866,Closed
Case 3867,Closed
Case 3868,Closed
Case 3869,Closed
Case 387,Closed
Case 3870,Closed
Case 3871,Closed
Case 3872,Closed
Case 3873,Closed
Case 3874,Closed
Case 3875,Closed
Case 3876,Closed
Case 3877,Closed
Case 3878,Closed
Case 3879,Closed
Case 388,Closed
Case 3880,Closed
Case 3881,Closed
Case 3882,Closed
Case 3883,Closed
Case 3884,Closed
Case 3885,Closed
Case 3886,Closed
Case 3887,Closed
Case 3888,Closed
Case 3889,Closed
Case 389,Closed
Case 3890,Closed
Case 3891,Closed
Case 3892,Closed
Case 3893,Closed
Case 3894,Closed
Case 3895,Closed
Case 3896,Closed
Case 3897,Closed
Case 3898,Closed
Case 3899,Closed
Case 39,Closed
Case 390,Closed
Case 3900,Closed
Case 3901,Closed
Case 3902,Closed
Case 3903,Closed
Case 3904,Closed
Case 3905,Closed
Case 3906,Closed
Case 3907,Closed
Case 3908,Closed
Case 3909,Closed
Case 391,Closed
Case 3910,Closed
Case 3911,Closed
Case 3912,Closed
Case 3913,Closed
Case 3914,Closed
Case 3915,Closed
Case 3916,Closed
Case 3917,Closed
Case 3918,Closed
Case 3919,Closed
Case 392,Closed
Case 3920,Closed
Case 3921,Closed
Case 3922,Closed
Case 3923,Closed
Case 3924,Closed
Case 3925,Closed
Case 3926,Closed
Case 3927,Closed
Case 3928,Closed
Case 3929,Closed
Case 393,Closed
Case 3930,Closed
Case 3931,Closed
Case 3932,Closed
Case 3933,Closed
Case 3934,Closed
Case 3935,Closed
Case 3936,Closed
Case 3937,Closed
Case 3938,Closed
Case 3939,Closed
Case 394,Closed
Case 3940,Closed
Case 3941,Closed
Case 3942,Closed
Case 3943,Closed
Case 3944,Closed
Case 3945,Closed
Case 3946,Closed
Case 3947,Closed
Case 3948,Closed
Case 3949,Closed
Case 395,Closed
Case 3950,Closed
Case 3951,Closed
Case 3952,Closed
Case 3953,Closed
Case 3954,Closed
Case 3955,Closed
Case 3956,Closed
Case 3957,Closed
Case 3958,Closed
Case 3959,Closed
Case 396,Closed
Case 3960,Closed
Case 3961,Closed
Case 3962,Closed
Case 3963,Closed
Case 3964,Closed
Case 3965,Closed
Case 3966,Closed
Case 3967,Closed
Case 3968,Closed
Case 3969,Closed
Case 397,Closed
Case 3970,Closed
Case 3971,Closed
Case 3972,Closed
Case 3973,Closed
Case 3974,Closed
Case 3975,Closed
Case 3976,Closed
Case 3977,Closed
Case 3978,Closed
Case 3979,Closed
Case 398,Closed
Case 3980,Closed
Case 3981,Closed
Case 3982,Closed
Case 3983,Closed
Case 3984,Closed
Case 3985,Closed
Case 3986,Closed
Case 3987,Closed
Case 3988,Closed
Case 3989,Closed
Case 399,Closed
Case 3990,Closed
Case 3991,Closed
Case 3992,Closed
Case 3993,Closed
Case 3994,Closed
Case 3995,Closed
Case 3996,Closed
Case 3997,Closed
Case 3998,Closed
Case 3999,Closed
Case 4,Closed
Case 40,Closed
Case 400,Closed
Case 4000,Closed
Case 4001,Closed
Case 4002,Closed
Case 4003,Closed
Case 4004,Closed
Case 4005,Closed
Case 4006,Closed
Case 4007,Closed
Case 4008,Closed
Case 4009,Closed
Case 401,Closed
Case 4010,Closed
Case 4011,Closed
Case 4012,Closed
Case 4013,Closed
Case 4014,Closed
Case 4015,Closed
Case 4016,Closed
Case 4017,Closed
Case 4018,Closed
Case 4019,Closed
Case 402,Closed
Case 4020,Closed
Case 4021,Closed
Case 4022,Closed
Case 4023,Closed
Case 4024,Closed
Case 4025,Closed
Case 4026,Closed
Case 4027,Closed
Case 4028,Closed
Case 4029,Closed
Case 403,Closed
Case 4030,Closed
Case 4031,Closed
Case 4032,Closed
Case 4033,Closed
Case 4034,Closed
Case 4035,Closed
Case 4036,Closed
Case 4037,Closed
Case 4038,Closed
Case 4039,Closed
Case 404,Closed
Case 4040,Closed
Case 4041,Closed
Case 4042,Closed
Case 4043,Closed
Case 4044,Closed
Case 4045,Closed
Case 4046,Closed
Case 4047,Closed
Case 4048,Closed
Case 4049,Closed
Case 405,Closed
Case 4050,Closed
Case 4051,Closed
Case 4052,Closed
Case 4053,Closed
Case 4054,Closed
Case 4055,Closed
Case 4056,Closed
Case 4057,Closed
Case 4058,Closed
Case 4059,Closed
Case 406,Closed
Case 4060,Closed
Case 4061,Closed
Case 4062,Closed
Case 4063,Closed
Case 4064,Closed
Case 4065,Closed
Case 4066,Closed
Case 4067,Closed
Case 4068,Closed
Case 4069,Closed
Case 407,Closed
Case 4070,Closed
Case 4071,Closed
Case 4072,Closed
Case 4073,Closed
Case 4074,Closed
Case 4075,Closed
Case 4076,Closed
Case 4077,Closed
Case 4078,Closed
Case 4079,Closed
Case 408,Closed
Case 4080,Closed
Case 4081,Closed
Case 4082,Closed
Case 4083,Closed
Case 4084,Closed
Case 4085,Closed
Case 4086,Closed
Case 4087,Closed
Case 4088,Closed
Case 4089,Closed
Case 409,Closed
Case 4090,Closed
Case 4091,Closed
Case 4092,Closed
Case 4093,Closed
Case 4094,Closed
Case 4095,Closed
Case 4096,Closed
Case 4097,Closed
Case 4098,Closed
Case 4099,Closed
Case 41,Closed
Case 410,Closed
Case 4100,Closed
Case 4101,Closed
Case 4102,Closed
Case 4103,Closed
Case 4104,Closed
Case 4105,Closed
Case 4106,Closed
Case 4107,Closed
Case 4108,Closed
Case 4109,Closed
Case 411,Closed
Case 4110,Closed
Case 4111,Closed
Case 4112,Closed
Case 4113,Closed
Case 4114,Closed
Case 4115,Closed
Case 4116,Closed
Case 4117,Closed
Case 4118,Closed
Case 4119,Closed
Case 412,Closed
Case 4120,Closed
Case 4121,Closed
Case 4122,Closed
Case 4123,Closed
Case 4124,Closed
Case 4125,Closed
Case 4126,Closed
Case 4127,Closed
Case 4128,Closed
Case 4129,Closed
Case 413,Closed
Case 4130,Closed
Case 4131,Closed
Case 4132,Closed
Case 4133,Closed
Case 4134,Closed
Case 4135,Closed
Case 4136,Closed
Case 4137,Closed
Case 4138,Closed
Case 4139,Closed
Case 414,Closed
Case 4140,Closed
Case 4141,Closed
Case 4142,Closed
Case 4143,Closed
Case 4144,Closed
Case 4145,Closed
Case 4146,Closed
Case 4147,Closed
Case 4148,Closed
Case 4149,Closed
Case 415,Closed
Case 4150,Closed
Case 4151,Closed
Case 4152,Closed
Case 4153,Closed
Case 4154,Closed
Case 4155,Closed
Case 4156,Closed
Case 4157,Closed
Case 4158,Closed
Case 4159,Closed
Case 416,Closed
Case 4160,Closed
Case 4161,Closed
Case 4162,Closed
Case 4163,Closed
Case 4164,Closed
Case 4165,Closed
Case 4166,Closed
Case 4167,Closed
Case 4168,Closed
Case 4169,Closed
Case 417,Closed
Case 4170,Closed
Case 4171,Closed
Case 4172,Closed
Case 4173,Closed
Case 4174,Closed
Case 4175,Closed
Case 4176,Closed
Case 4177,Closed
Case 4178,Closed
Case 4179,Closed
Case 418,Closed
Case 4180,Closed
Case 4181,Closed
Case 4182,Closed
Case 4183,Closed
Case 4184,Closed
Case 4185,Closed
Case 4186,Closed
Case 4187,Other
Case 4188,Closed
Case 4189,Closed
Case 419,Closed
Case 4190,Closed
Case 4191,Closed
Case 4192,Closed
Case 4193,Closed
Case 4194,Closed
Case 4195,Closed
Case 4196,Closed
Case 4197,Closed
Case 4198,Closed
Case 4199,Closed
Case 42,Closed
Case 420,Closed
Case 4200,Closed
Case 4201,Closed
Case 4202,Closed
Case 4203,Closed
Case 4204,Closed
Case 4205,Closed
Case 4206,Closed
Case 4207,Closed
Case 4208,Closed
Case 4209,Closed
Case 421,Closed
Case 4210,Closed
Case 4211,Closed
Case 4212,Closed
Case 4213,Closed
Case 4214,Closed
Case 4215,Closed
Case 4216,Closed
Case 4217,Closed
Case 4218,Closed
Case 4219,Closed
Case 422,Closed
Case 4220,Closed
Case 4221,Closed
Case 4222,Closed
Case 4223,Closed
Case 4224,Closed
Case 4225,Closed
Case 4226,Closed
Case 4227,Closed
Case 4228,Closed
Case 4229,Closed
Case 423,Closed
Case 4230,Closed
Case 4231,Closed
Case 4232,Closed
Case 4233,Closed
Case 4234,Closed
Case 4235,Closed
Case 4236,Closed
Case 4237,Closed
Case 4238,Closed
Case 4239,Closed
Case 424,Closed
Case 4240,Closed
Case 4241,Closed
Case 4242,Closed
Case 4243,Closed
Case 4244,Closed
Case 4245,Closed
Case 4246,Closed
Case 4247,Closed
Case 4248,Closed
Case 4249,Closed
Case 425,Closed
Case 4250,Closed
Case 4251,Closed
Case 4252,Closed
Case 4253,Closed
Case 4254,Closed
Case 4255,Closed
Case 4256,Closed
Case 4257,Closed
Case 4258,Closed
Case 4259,Closed
Case 426,Closed
Case 4260,Closed
Case 4261,Closed
Case 4262,Closed
Case 4263,Closed
Case 4264,Closed
Case 4265,Closed
Case 4266,Closed
Case 4267,Closed
Case 4268,Closed
Case 4269,Closed
Case 427,Closed
Case 4270,Closed
Case 4271,Closed
Case 4272,Closed
Case 4273,Closed
Case 4274,Closed
Case 4275,Closed
Case 4276,Closed
Case 4277,Closed
Case 4278,Closed
Case 4279,Closed
Case 428,Closed
Case 4280,Closed
Case 4281,Closed
Case 4282,Closed
Case 4283,Closed
Case 4284,Closed
Case 4285,Closed
Case 4286,Closed
Case 4287,Closed
Case 4288,Closed
Case 4289,Closed
Case 429,Closed
Case 4290,Closed
Case 4291,Closed
Case 4292,Closed
Case 4293,Closed
Case 4294,Closed
Case 4295,Closed
Case 4296,Closed
Case 4297,Closed
Case 4298,Closed
Case 4299,Closed
Case 43,Closed
Case 430,Closed
Case 4300,Closed
Case 4301,Closed
Case 4302,Closed
Case 4303,Closed
Case 4304,Closed
Case 4305,Closed
Case 4306,Closed
Case 4307,Closed
Case 4308,Closed
Case 4309,Closed
Case 431,Closed
Case 4310,Closed
Case 4311,Closed
Case 4312,Closed
Case 4313,Closed
Case 4314,Closed
Case 4315,Closed
Case 4316,Closed
Case 4317,Closed
Case 4318,Closed
Case 4319,Closed
Case 432,Closed
Case 4320,Closed
Case 4321,Closed
Case 4322,Closed
Case 4323,Closed
Case 4324,Closed
Case 4325,Closed
Case 4326,Closed
Case 4327,Closed
Case 4328,Closed
Case 4329,Closed
Case 433,Closed
Case 4330,Closed
Case 4331,Closed
Case 4332,Closed
Case 4333,Closed
Case 4334,Closed
Case 4335,Closed
Case 4336,Closed
Case 4337,Closed
Case 4338,Closed
Case 4339,Closed
Case 434,Closed
Case 4340,Closed
Case 4341,Closed
Case 4342,Closed
Case 4343,Closed
Case 4344,Closed
Case 4345,Closed
Case 4346,Closed
Case 4347,Closed
Case 4348,Closed
Case 4349,Closed
Case 435,Closed
Case 4350,Closed
Case 4351,Closed
Case 4352,Closed
Case 4353,Closed
Case 4354,Other
Case 4355,Closed
Case 4356,Closed
Case 4357,Closed
Case 4358,Closed
Case 4359,Closed
Case 436,Closed
Case 4360,Closed
Case 4361,Closed
Case 4362,Closed
Case 4363,Closed
Case 4364,Closed
Case 4365,Closed
Case 4366,Closed
Case 4367,Closed
Case 4368,Closed
Case 4369,Closed
Case 437,Closed
Case 4370,Other
Case 4371,Closed
Case 4372,Closed
Case 4373,Closed
Case 4374,Closed
Case 4375,Closed
Case 4376,Closed
Case 4377,Closed
Case 4378,Closed
Case 4379,Closed
Case 438,Closed
Case 4380,Closed
Case 4381,Closed
Case 4382,Closed
Case 4383,Closed
Case 4384,Closed
Case 4385,Closed
Case 4386,Closed
Case 4387,Closed
Case 4388,Closed
Case 4389,Closed
Case 439,Closed
Case 4390,Closed
Case 4391,Closed
Case 4392,Closed
Case 4393,Closed
Case 4394,Closed
Case 4395,Closed
Case 4396,Closed
Case 4397,Closed
Case 4398,Closed
Case 4399,Closed
Case 44,Closed
Case 440,Closed
Case 4400,Closed
Case 4401,Closed
Case 4402,Closed
Case 4403,Closed
Case 4404,Closed
Case 4405,Closed
Case 4406,Closed
Case 4407,Closed
Case 4408,Closed
Case 4409,Closed
Case 441,Closed
Case 4410,Closed
Case 4411,Closed
Case 4412,Closed
Case 4413,Closed
Case 4414,Closed
Case 4415,Closed
Case 4416,Closed
Case 4417,Closed
Case 4418,Closed
Case 4419,Closed
Case 442,Closed
Case 4420,Closed
Case 4421,Closed
Case 4422,Closed
Case 4423,Closed
Case 4424,Closed
Case 4425,Closed
Case 4426,Closed
Case 4427,Closed
Case 4428,Closed
Case 4429,Closed
Case 443,Closed
Case 4430,Closed
Case 4431,Closed
Case 4432,Closed
Case 4433,Closed
Case 4434,Closed
Case 4435,Closed
Case 4436,Closed
Case 4437,Closed
Case 4438,Closed
Case 4439,Closed
Case 444,Closed
Case 4440,Closed
Case 4441,Closed
Case 4442,Closed
Case 4443,Closed
Case 4444,Closed
Case 4445,Closed
Case 4446,Closed
Case 4447,Closed
Case 4448,Closed
Case 4449,Closed
Case 445,Closed
Case 4450,Closed
Case 4451,Closed
Case 4452,Closed
Case 4453,Closed
Case 4454,Closed
Case 4455,Closed
Case 4456,Closed
Case 4457,Closed
Case 4458,Closed
Case 4459,Closed
Case 446,Closed
Case 4460,Closed
Case 4461,Closed
Case 4462,Closed
Case 4463,Other
Case 4464,Closed
Case 4465,Closed
Case 4466,Closed
Case 4467,Closed
Case 4468,Closed
Case 4469,Closed
Case 447,Closed
Case 4470,Closed
Case 4471,Closed
Case 4472,Closed
Case 4473,Closed
Case 4474,Closed
Case 4475,Closed
Case 4476,Closed
Case 4477,Closed
Case 4478,Closed
Case 4479,Closed
Case 448,Closed
Case 4480,Closed
Case 4481,Closed
Case 4482,Closed
Case 4483,Closed
Case 4484,Closed
Case 4485,Closed
Case 4486,Closed
Case 4487,Closed
Case 4488,Closed
Case 4489,Closed
Case 449,Closed
Case 4490,Closed
Case 4491,Closed
Case 4492,Closed
Case 4493,Closed
Case 4494,Closed
Case 4495,Closed
Case 4496,Closed
Case 4497,Closed
Case 4498,Closed
Case 4499,Closed
Case 45,Closed
Case 450,Closed
Case 4500,Closed
Case 4501,Closed
Case 4502,Closed
Case 4503,Closed
Case 4504,Closed
Case 4505,Closed
Case 4506,Closed
Case 4507,Closed
Case 4508,Closed
Case 4509,Closed
Case 451,Closed
Case 4510,Closed
Case 4511,Closed
Case 4512,Closed
Case 4513,Closed
Case 4514,Closed
Case 4515,Closed
Case 4516,Closed
Case 4517,Closed
Case 4518,Closed
Case 4519,Closed
Case 452,Closed
Case 4520,Closed
Case 4521,Closed
Case 4522,Closed
Case 4523,Closed
Case 4524,Closed
Case 4525,Closed
Case 4526,Closed
Case 4527,Closed
Case 4528,Closed
Case 4529,Closed
Case 453,Closed
Case 4530,Closed
Case 4531,Closed
Case 4532,Closed
Case 4533,Closed
Case 4534,Closed
Case 4535,Closed
Case 4536,Closed
Case 4537,Closed
Case 4538,Closed
Case 4539,Closed
Case 454,Closed
Case 4540,Closed
Case 4541,Closed
Case 4542,Closed
Case 4543,Closed
Case 4544,Other
Case 4545,Closed
Case 4546,Closed
Case 4547,Closed
Case 4548,Closed
Case 4549,Closed
Case 455,Closed
Case 4550,Closed
Case 4551,Closed
Case 4552,Closed
Case 4553,Closed
Case 4554,Closed
Case 4555,Closed
Case 4556,Closed
Case 4557,Closed
Case 4558,Closed
Case 4559,Closed
Case 456,Closed
Case 4560,Closed
Case 4561,Closed
Case 4562,Closed
Case 4563,Closed
Case 4564,Closed
Case 4565,Closed
Case 4566,Closed
Case 4567,Closed
Case 4568,Closed
Case 4569,Closed
Case 457,Closed
Case 4570,Closed
Case 4571,Closed
Case 4572,Closed
Case 4573,Closed
Case 4574,Closed
Case 4575,Closed
Case 4576,Closed
Case 4577,Closed
Case 4578,Closed
Case 4579,Closed
Case 458,Closed
Case 4580,Closed
Case 459,Closed
Case 46,Closed
Case 460,Closed
Case 461,Closed
Case 462,Closed
Case 463,Closed
Case 464,Closed
Case 465,Closed
Case 466,Closed
Case 467,Closed
Case 468,Closed
Case 469,Closed
Case 47,Closed
Case 470,Closed
Case 471,Closed
Case 472,Closed
Case 473,Closed
Case 474,Closed
Case 475,Closed
Case 476,Closed
Case 477,Closed
Case 478,Closed
Case 479,Closed
Case 48,Closed
Case 480,Closed
Case 481,Closed
Case 482,Closed
Case 483,Closed
Case 484,Closed
Case 485,Closed
Case 486,Closed
Case 487,Closed
Case 488,Closed
Case 489,Closed
Case 49,Closed
Case 490,Closed
Case 491,Closed
Case 492,Closed
Case 493,Closed
Case 494,Closed
Case 495,Closed
Case 496,Closed
Case 497,Closed
Case 498,Closed
Case 499,Closed
Case 5,Closed
Case 50,Closed
Case 500,Closed
Case 501,Closed
Case 502,Closed
Case 503,Closed
Case 504,Closed
Case 505,Closed
Case 506,Closed
Case 507,Closed
Case 508,Closed
Case 509,Closed
Case 51,Closed
Case 510,Closed
Case 511,Closed
Case 512,Closed
Case 513,Closed
Case 514,Closed
Case 515,Closed
Case 516,Closed
Case 517,Closed
Case 518,Closed
Case 519,Closed
Case 52,Closed
Case 520,Closed
Case 521,Closed
Case 522,Closed
Case 523,Closed
Case 524,Closed
Case 525,Other
Case 526,Closed
Case 527,Closed
Case 528,Closed
Case 529,Closed
Case 53,Closed
Case 530,Closed
Case 531,Closed
Case 532,Closed
Case 533,Closed
Case 534,Closed
Case 535,Closed
Case 536,Closed
Case 537,Closed
Case 538,Closed
Case 539,Closed
Case 54,Closed
Case 540,Closed
Case 541,Closed
Case 542,Closed
Case 543,Closed
Case 544,Closed
Case 545,Closed
Case 546,Closed
Case 547,Closed
Case 548,Closed
Case 549,Closed
Case 55,Closed
Case 550,Closed
Case 551,Closed
Case 552,Closed
Case 553,Closed
Case 554,Closed
Case 555,Closed
Case 556,Closed
Case 557,Closed
Case 558,Closed
Case 559,Closed
Case 56,Closed
Case 560,Closed
Case 561,Closed
Case 562,Closed
Case 563,Closed
Case 564,Closed
Case 565,Closed
Case 566,Closed
Case 567,Closed
Case 568,Closed
Case 569,Closed
Case 57,Closed
Case 570,Closed
Case 571,Closed
Case 572,Closed
Case 573,Closed
Case 574,Closed
Case 575,Closed
Case 576,Closed
Case 577,Closed
Case 578,Closed
Case 579,Closed
Case 58,Closed
Case 580,Closed
Case 581,Closed
Case 582,Closed
Case 583,Closed
Case 584,Closed
Case 585,Closed
Case 586,Closed
Case 587,Closed
Case 588,Closed
Case 589,Closed
Case 59,Closed
Case 590,Closed
Case 591,Closed
Case 592,Closed
Case 593,Closed
Case 594,Closed
Case 595,Closed
Case 596,Closed
Case 597,Closed
Case 598,Closed
Case 599,Closed
Case 6,Closed
Case 60,Closed
Case 600,Closed
Case 601,Closed
Case 602,Closed
Case 603,Closed
Case 604,Closed
Case 605,Closed
Case 606,Closed
Case 607,Closed
Case 608,Closed
Case 609,Closed
Case 61,Closed
Case 610,Closed
Case 611,Closed
Case 612,Closed
Case 613,Closed
Case 614,Closed
Case 615,Closed
Case 616,Closed
Case 617,Closed
Case 618,Closed
Case 619,Closed
Case 62,Closed
Case 620,Closed
Case 621,Closed
Case 622,Closed
Case 623,Closed
Case 624,Closed
Case 625,Closed
Case 626,Closed
Case 627,Closed
Case 628,Closed
Case 629,Closed
Case 63,Closed
Case 630,Closed
Case 631,Closed
Case 632,Closed
Case 633,Closed
Case 634,Closed
Case 635,Closed
Case 636,Closed
Case 637,Closed
Case 638,Closed
Case 639,Closed
Case 64,Closed
Case 640,Closed
Case 641,Closed
Case 642,Closed
Case 643,Closed
Case 644,Closed
Case 645,Closed
Case 646,Closed
Case 647,Closed
Case 648,Closed
Case 649,Closed
Case 65,Closed
Case 650,Closed
Case 651,Closed
Case 652,Closed
Case 653,Closed
Case 654,Closed
Case 655,Closed
Case 656,Closed
Case 657,Closed
Case 658,Closed
Case 659,Closed
Case 66,Closed
Case 660,Closed
Case 661,Closed
Case 662,Closed
Case 663,Closed
Case 664,Closed
Case 665,Closed
Case 666,Closed
Case 667,Closed
Case 668,Closed
Case 669,Closed
Case 67,Closed
Case 670,Closed
Case 671,Closed
Case 672,Closed
Case 673,Closed
Case 674,Closed
Case 675,Closed
Case 676,Closed
Case 677,Closed
Case 678,Closed
Case 679,Closed
Case 68,Closed
Case 680,Closed
Case 681,Closed
Case 682,Closed
Case 683,Closed
Case 684,Closed
Case 685,Closed
Case 686,Closed
Case 687,Closed
Case 688,Closed
Case 689,Closed
Case 69,Closed
Case 690,Closed
Case 691,Closed
Case 692,Closed
Case 693,Closed
Case 694,Closed
Case 695,Closed
Case 696,Closed
Case 697,Closed
Case 698,Closed
Case 699,Closed
Case 7,Closed
Case 70,Closed
Case 700,Closed
Case 701,Closed
Case 702,Closed
Case 703,Closed
Case 704,Closed
Case 705,Closed
Case 706,Closed
Case 707,Closed
Case 708,Closed
Case 709,Closed
Case 71,Closed
Case 710,Closed
Case 711,Closed
Case 712,Closed
Case 713,Closed
Case 714,Closed
Case 715,Closed
Case 716,Closed
Case 717,Closed
Case 718,Closed
Case 719,Closed
Case 72,Closed
Case 720,Closed
Case 721,Closed
Case 722,Closed
Case 723,Closed
Case 724,Closed
Case 725,Closed
Case 726,Closed
Case 727,Closed
Case 728,Closed
Case 729,Closed
Case 73,Closed
Case 730,Closed
Case 731,Closed
Case 732,Closed
Case 733,Closed
Case 734,Closed
Case 735,Closed
Case 736,Closed
Case 737,Closed
Case 738,Closed
Case 739,Closed
Case 74,Closed
Case 740,Closed
Case 741,Closed
Case 742,Closed
Case 743,Closed
Case 744,Closed
Case 745,Closed
Case 746,Closed
Case 747,Closed
Case 748,Closed
Case 749,Closed
Case 75,Closed
Case 750,Closed
Case 751,Closed
Case 752,Closed
Case 753,Closed
Case 754,Closed
Case 755,Closed
Case 756,Closed
Case 757,Closed
Case 758,Closed
Case 759,Closed
Case 76,Closed
Case 760,Closed
Case 761,Closed
Case 762,Closed
Case 763,Closed
Case 764,Closed
Case 765,Closed
Case 766,Closed
Case 767,Closed
Case 768,Closed
Case 769,Closed
Case 77,Closed
Case 770,Closed
Case 771,Closed
Case 772,Closed
Case 773,Closed
Case 774,Closed
Case 775,Closed
Case 776,Closed
Case 777,Closed
Case 778,Closed
Case 779,Closed
Case 78,Closed
Case 780,Closed
Case 781,Closed
Case 782,Closed
Case 783,Closed
Case 784,Closed
Case 785,Closed
Case 786,Closed
Case 787,Closed
Case 788,Closed
Case 789,Closed
Case 79,Closed
Case 790,Closed
Case 791,Closed
Case 792,Closed
Case 793,Closed
Case 794,Closed
Case 795,Closed
Case 796,Closed
Case 797,Closed
Case 798,Closed
Case 799,Closed
Case 8,Closed
Case 80,Closed
Case 800,Closed
Case 801,Closed
Case 802,Closed
Case 803,Closed
Case 804,Closed
Case 805,Closed
Case 806,Closed
Case 807,Closed
Case 808,Closed
Case 809,Closed
Case 81,Closed
Case 810,Closed
Case 811,Closed
Case 812,Closed
Case 813,Closed
Case 814,Closed
Case 815,Closed
Case 816,Closed
Case 817,Closed
Case 818,Closed
Case 819,Closed
Case 82,Closed
Case 820,Closed
Case 821,Closed
Case 822,Closed
Case 823,Closed
Case 824,Closed
Case 825,Closed
Case 826,Closed
Case 827,Closed
Case 828,Closed
Case 829,Closed
Case 83,Closed
Case 830,Closed
Case 831,Closed
Case 832,Closed
Case 833,Closed
Case 834,Closed
Case 835,Closed
Case 836,Closed
Case 837,Closed
Case 838,Closed
Case 839,Closed
Case 84,Closed
Case 840,Closed
Case 841,Closed
Case 842,Closed
Case 843,Closed
Case 844,Closed
Case 845,Closed
Case 846,Closed
Case 847,Closed
Case 848,Closed
Case 849,Closed
Case 85,Closed
Case 850,Closed
Case 851,Closed
Case 852,Closed
Case 853,Closed
Case 854,Closed
Case 855,Closed
Case 856,Closed
Case 857,Closed
Case 858,Closed
Case 859,Closed
Case 86,Closed
Case 860,Closed
Case 861,Closed
Case 862,Closed
Case 863,Closed
Case 864,Closed
Case 865,Closed
Case 866,Closed
Case 867,Closed
Case 868,Closed
Case 869,Closed
Case 87,Closed
Case 870,Closed
Case 871,Closed
Case 872,Closed
Case 873,Closed
Case 874,Closed
Case 875,Closed
Case 876,Closed
Case 877,Closed
Case 878,Closed
Case 879,Closed
Case 88,Closed
Case 880,Closed
Case 881,Closed
Case 882,Closed
Case 883,Closed
Case 884,Closed
Case 885,Closed
Case 886,Closed
Case 887,Closed
Case 888,Closed
Case 889,Closed
Case 89,Closed
Case 890,Closed
Case 891,Closed
Case 892,Closed
Case 893,Closed
Case 894,Closed
Case 895,Closed
Case 896,Closed
Case 897,Closed
Case 898,Closed
Case 899,Closed
Case 9,Closed
Case 90,Closed
Case 900,Closed
Case 901,Closed
Case 902,Closed
Case 903,Closed
Case 904,Closed
Case 905,Closed
Case 906,Closed
Case 907,Closed
Case 908,Closed
Case 909,Closed
Case 91,Closed
Case 910,Closed
Case 911,Closed
Case 912,Closed
Case 913,Closed
Case 914,Closed
Case 915,Closed
Case 916,Closed
Case 917,Closed
Case 918,Closed
Case 919,Closed
Case 92,Closed
Case 920,Closed
Case 921,Closed
Case 922,Closed
Case 923,Closed
Case 924,Closed
Case 925,Closed
Case 926,Closed
Case 927,Closed
Case 928,Closed
Case 929,Closed
Case 93,Closed
Case 930,Closed
Case 931,Closed
Case 932,Closed
Case 933,Closed
Case 934,Closed
Case 935,Closed
Case 936,Closed
Case 937,Closed
Case 938,Closed
Case 939,Closed
Case 94,Closed
Case 940,Closed
Case 941,Closed
Case 942,Closed
Case 943,Closed
Case 944,Closed
Case 945,Closed
Case 946,Closed
Case 947,Closed
Case 948,Closed
Case 949,Closed
Case 95,Closed
Case 950,Closed
Case 951,Closed
Case 952,Closed
Case 953,Closed
Case 954,Closed
Case 955,Closed
Case 956,Closed
Case 957,Closed
Case 958,Closed
Case 959,Closed
Case 96,Closed
Case 960,Closed
Case 961,Closed
Case 962,Closed
Case 963,Closed
Case 964,Closed
Case 965,Closed
Case 966,Closed
Case 967,Closed
Case 968,Closed
Case 969,Closed
Case 97,Closed
Case 970,Closed
Case 971,Closed
Case 972,Closed
Case 973,Closed
Case 974,Closed
Case 975,Closed
Case 976,Closed
Case 977,Closed
Case 978,Closed
Case 979,Closed
Case 98,Closed
Case 980,Closed
Case 981,Closed
Case 982,Closed
Case 983,Closed
Case 984,Closed
Case 985,Closed
Case 986,Closed
Case 987,Closed
Case 988,Closed
Case 989,Closed
Case 99,Closed
Case 990,Closed
Case 991,Closed
Case 992,Closed
Case 993,Closed
Case 994,Closed
Case 995,Closed
Case 996,Closed
Case 997,Closed
Case 998,Closed
Case 999,Closed
